n,f(x),x,p,||p||,gradient,||gradient||,alpha,k,eps
1,13.0000,[0.0000 0.0000 ],[0.0250 -0.0750 ],0.0791,[-10.0000 30.0000 ],31.6228,0.0025,128.0000,0.0100
2,10.8275,[0.0250 -0.0750 ],[0.0563 -0.0428 ],0.0707,[-22.5000 17.1000 ],28.2606,0.0025,128.0000,0.0100
3,8.8638,[0.0813 -0.1177 ],[0.0472 -0.0508 ],0.0694,[-18.8730 20.3310 ],27.7406,0.0025,128.0000,0.0100
4,6.9512,[0.1284 -0.1686 ],[0.0490 -0.0480 ],0.0686,[-19.6028 19.2092 ],27.4456,0.0025,128.0000,0.0100
5,5.0776,[0.1774 -0.2166 ],[0.0479 -0.0482 ],0.0679,[-19.1588 19.2651 ],27.1699,0.0025,128.0000,0.0100
6,3.2414,[0.2253 -0.2648 ],[0.0476 -0.0475 ],0.0672,[-19.0341 19.0055 ],26.8981,0.0025,128.0000,0.0100
7,1.4416,[0.2729 -0.3123 ],[0.0471 -0.0471 ],0.0666,[-18.8257 18.8335 ],26.6291,0.0025,128.0000,0.0100
8,-0.3223,[0.3200 -0.3594 ],[0.0466 -0.0466 ],0.0659,[-18.6424 18.6403 ],26.3628,0.0025,128.0000,0.0100
9,-2.0511,[0.3666 -0.4060 ],[0.0461 -0.0461 ],0.0652,[-18.4546 18.4552 ],26.0992,0.0025,128.0000,0.0100
10,-3.7455,[0.4127 -0.4521 ],[0.0457 -0.0457 ],0.0646,[-18.2704 18.2703 ],25.8382,0.0025,128.0000,0.0100
11,-5.4062,[0.4584 -0.4978 ],[0.0452 -0.0452 ],0.0639,[-18.0876 18.0877 ],25.5798,0.0025,128.0000,0.0100
12,-7.0338,[0.5036 -0.5430 ],[0.0448 -0.0448 ],0.0633,[-17.9068 17.9068 ],25.3240,0.0025,128.0000,0.0100
13,-8.6290,[0.5484 -0.5878 ],[0.0443 -0.0443 ],0.0627,[-17.7277 17.7277 ],25.0708,0.0025,128.0000,0.0100
14,-10.1925,[0.5927 -0.6321 ],[0.0439 -0.0439 ],0.0621,[-17.5504 17.5504 ],24.8200,0.0025,128.0000,0.0100
15,-11.7249,[0.6366 -0.6760 ],[0.0434 -0.0434 ],0.0614,[-17.3749 17.3749 ],24.5718,0.0025,128.0000,0.0100
16,-13.2268,[0.6800 -0.7194 ],[0.0430 -0.0430 ],0.0608,[-17.2012 17.2012 ],24.3261,0.0025,128.0000,0.0100
17,-14.6988,[0.7230 -0.7624 ],[0.0426 -0.0426 ],0.0602,[-17.0292 17.0292 ],24.0829,0.0025,128.0000,0.0100
18,-16.1415,[0.7656 -0.8050 ],[0.0421 -0.0421 ],0.0596,[-16.8589 16.8589 ],23.8420,0.0025,128.0000,0.0100
19,-17.5555,[0.8077 -0.8471 ],[0.0417 -0.0417 ],0.0590,[-16.6903 16.6903 ],23.6036,0.0025,128.0000,0.0100
20,-18.9414,[0.8495 -0.8888 ],[0.0413 -0.0413 ],0.0584,[-16.5234 16.5234 ],23.3676,0.0025,128.0000,0.0100
21,-20.2997,[0.8908 -0.9302 ],[0.0409 -0.0409 ],0.0578,[-16.3581 16.3581 ],23.1339,0.0025,128.0000,0.0100
22,-21.6309,[0.9317 -0.9710 ],[0.0405 -0.0405 ],0.0573,[-16.1946 16.1946 ],22.9026,0.0025,128.0000,0.0100
23,-22.9357,[0.9722 -1.0115 ],[0.0401 -0.0401 ],0.0567,[-16.0326 16.0326 ],22.6735,0.0025,128.0000,0.0100
24,-24.2145,[1.0122 -1.0516 ],[0.0397 -0.0397 ],0.0561,[-15.8723 15.8723 ],22.4468,0.0025,128.0000,0.0100
25,-25.4678,[1.0519 -1.0913 ],[0.0393 -0.0393 ],0.0556,[-15.7136 15.7136 ],22.2223,0.0025,128.0000,0.0100
26,-26.6962,[1.0912 -1.1306 ],[0.0389 -0.0389 ],0.0550,[-15.5564 15.5564 ],22.0001,0.0025,128.0000,0.0100
27,-27.9002,[1.1301 -1.1695 ],[0.0385 -0.0385 ],0.0545,[-15.4009 15.4009 ],21.7801,0.0025,128.0000,0.0100
28,-29.0802,[1.1686 -1.2080 ],[0.0381 -0.0381 ],0.0539,[-15.2469 15.2469 ],21.5623,0.0025,128.0000,0.0100
29,-30.2367,[1.2067 -1.2461 ],[0.0377 -0.0377 ],0.0534,[-15.0944 15.0944 ],21.3467,0.0025,128.0000,0.0100
30,-31.3702,[1.2445 -1.2838 ],[0.0374 -0.0374 ],0.0528,[-14.9434 14.9434 ],21.1332,0.0025,128.0000,0.0100
31,-32.4812,[1.2818 -1.3212 ],[0.0370 -0.0370 ],0.0523,[-14.7940 14.7940 ],20.9219,0.0025,128.0000,0.0100
32,-33.5700,[1.3188 -1.3582 ],[0.0366 -0.0366 ],0.0518,[-14.6461 14.6461 ],20.7127,0.0025,128.0000,0.0100
33,-34.6372,[1.3554 -1.3948 ],[0.0362 -0.0362 ],0.0513,[-14.4996 14.4996 ],20.5055,0.0025,128.0000,0.0100
34,-35.6831,[1.3917 -1.4310 ],[0.0359 -0.0359 ],0.0508,[-14.3546 14.3546 ],20.3005,0.0025,128.0000,0.0100
35,-36.7083,[1.4275 -1.4669 ],[0.0355 -0.0355 ],0.0502,[-14.2111 14.2111 ],20.0975,0.0025,128.0000,0.0100
36,-37.7130,[1.4631 -1.5024 ],[0.0352 -0.0352 ],0.0497,[-14.0690 14.0690 ],19.8965,0.0025,128.0000,0.0100
37,-38.6977,[1.4982 -1.5376 ],[0.0348 -0.0348 ],0.0492,[-13.9283 13.9283 ],19.6975,0.0025,128.0000,0.0100
38,-39.6628,[1.5331 -1.5724 ],[0.0345 -0.0345 ],0.0488,[-13.7890 13.7890 ],19.5006,0.0025,128.0000,0.0100
39,-40.6088,[1.5675 -1.6069 ],[0.0341 -0.0341 ],0.0483,[-13.6511 13.6511 ],19.3056,0.0025,128.0000,0.0100
40,-41.5359,[1.6017 -1.6410 ],[0.0338 -0.0338 ],0.0478,[-13.5146 13.5146 ],19.1125,0.0025,128.0000,0.0100
41,-42.4445,[1.6355 -1.6748 ],[0.0334 -0.0334 ],0.0473,[-13.3794 13.3794 ],18.9214,0.0025,128.0000,0.0100
42,-43.3351,[1.6689 -1.7083 ],[0.0331 -0.0331 ],0.0468,[-13.2456 13.2456 ],18.7322,0.0025,128.0000,0.0100
43,-44.2079,[1.7020 -1.7414 ],[0.0328 -0.0328 ],0.0464,[-13.1132 13.1132 ],18.5448,0.0025,128.0000,0.0100
44,-45.0634,[1.7348 -1.7742 ],[0.0325 -0.0325 ],0.0459,[-12.9821 12.9821 ],18.3594,0.0025,128.0000,0.0100
45,-45.9019,[1.7673 -1.8066 ],[0.0321 -0.0321 ],0.0454,[-12.8522 12.8522 ],18.1758,0.0025,128.0000,0.0100
46,-46.7237,[1.7994 -1.8388 ],[0.0318 -0.0318 ],0.0450,[-12.7237 12.7237 ],17.9940,0.0025,128.0000,0.0100
47,-47.5291,[1.8312 -1.8706 ],[0.0315 -0.0315 ],0.0445,[-12.5965 12.5965 ],17.8141,0.0025,128.0000,0.0100
48,-48.3185,[1.8627 -1.9021 ],[0.0312 -0.0312 ],0.0441,[-12.4705 12.4705 ],17.6360,0.0025,128.0000,0.0100
49,-49.0921,[1.8939 -1.9332 ],[0.0309 -0.0309 ],0.0436,[-12.3458 12.3458 ],17.4596,0.0025,128.0000,0.0100
50,-49.8504,[1.9247 -1.9641 ],[0.0306 -0.0306 ],0.0432,[-12.2223 12.2223 ],17.2850,0.0025,128.0000,0.0100
51,-50.5936,[1.9553 -1.9947 ],[0.0303 -0.0303 ],0.0428,[-12.1001 12.1001 ],17.1122,0.0025,128.0000,0.0100
52,-51.3220,[1.9855 -2.0249 ],[0.0299 -0.0299 ],0.0424,[-11.9791 11.9791 ],16.9410,0.0025,128.0000,0.0100
53,-52.0359,[2.0155 -2.0549 ],[0.0296 -0.0296 ],0.0419,[-11.8593 11.8593 ],16.7716,0.0025,128.0000,0.0100
54,-52.7356,[2.0451 -2.0845 ],[0.0294 -0.0294 ],0.0415,[-11.7407 11.7407 ],16.6039,0.0025,128.0000,0.0100
55,-53.4214,[2.0745 -2.1139 ],[0.0291 -0.0291 ],0.0411,[-11.6233 11.6233 ],16.4379,0.0025,128.0000,0.0100
56,-54.0935,[2.1035 -2.1429 ],[0.0288 -0.0288 ],0.0407,[-11.5071 11.5071 ],16.2735,0.0025,128.0000,0.0100
57,-54.7523,[2.1323 -2.1717 ],[0.0285 -0.0285 ],0.0403,[-11.3920 11.3920 ],16.1108,0.0025,128.0000,0.0100
58,-55.3979,[2.1608 -2.2002 ],[0.0282 -0.0282 ],0.0399,[-11.2781 11.2781 ],15.9496,0.0025,128.0000,0.0100
59,-56.0307,[2.1890 -2.2284 ],[0.0279 -0.0279 ],0.0395,[-11.1653 11.1653 ],15.7902,0.0025,128.0000,0.0100
60,-56.6509,[2.2169 -2.2563 ],[0.0276 -0.0276 ],0.0391,[-11.0537 11.0537 ],15.6322,0.0025,128.0000,0.0100
61,-57.2588,[2.2445 -2.2839 ],[0.0274 -0.0274 ],0.0387,[-10.9431 10.9431 ],15.4759,0.0025,128.0000,0.0100
62,-57.8546,[2.2719 -2.3113 ],[0.0271 -0.0271 ],0.0383,[-10.8337 10.8337 ],15.3212,0.0025,128.0000,0.0100
63,-58.4385,[2.2990 -2.3383 ],[0.0268 -0.0268 ],0.0379,[-10.7254 10.7254 ],15.1680,0.0025,128.0000,0.0100
64,-59.0108,[2.3258 -2.3652 ],[0.0265 -0.0265 ],0.0375,[-10.6181 10.6181 ],15.0163,0.0025,128.0000,0.0100
65,-59.5717,[2.3523 -2.3917 ],[0.0263 -0.0263 ],0.0372,[-10.5119 10.5119 ],14.8661,0.0025,128.0000,0.0100
66,-60.1214,[2.3786 -2.4180 ],[0.0260 -0.0260 ],0.0368,[-10.4068 10.4068 ],14.7175,0.0025,128.0000,0.0100
67,-60.6602,[2.4046 -2.4440 ],[0.0258 -0.0258 ],0.0364,[-10.3027 10.3027 ],14.5703,0.0025,128.0000,0.0100
68,-61.1883,[2.4304 -2.4698 ],[0.0255 -0.0255 ],0.0361,[-10.1997 10.1997 ],14.4246,0.0025,128.0000,0.0100
69,-61.7059,[2.4559 -2.4953 ],[0.0252 -0.0252 ],0.0357,[-10.0977 10.0977 ],14.2803,0.0025,128.0000,0.0100
70,-62.2131,[2.4811 -2.5205 ],[0.0250 -0.0250 ],0.0353,[-9.9967 9.9967 ],14.1375,0.0025,128.0000,0.0100
71,-62.7103,[2.5061 -2.5455 ],[0.0247 -0.0247 ],0.0350,[-9.8968 9.8968 ],13.9962,0.0025,128.0000,0.0100
72,-63.1976,[2.5309 -2.5702 ],[0.0245 -0.0245 ],0.0346,[-9.7978 9.7978 ],13.8562,0.0025,128.0000,0.0100
73,-63.6752,[2.5554 -2.5947 ],[0.0242 -0.0242 ],0.0343,[-9.6998 9.6998 ],13.7176,0.0025,128.0000,0.0100
74,-64.1433,[2.5796 -2.6190 ],[0.0240 -0.0240 ],0.0340,[-9.6028 9.6028 ],13.5805,0.0025,128.0000,0.0100
75,-64.6020,[2.6036 -2.6430 ],[0.0238 -0.0238 ],0.0336,[-9.5068 9.5068 ],13.4446,0.0025,128.0000,0.0100
76,-65.0517,[2.6274 -2.6668 ],[0.0235 -0.0235 ],0.0333,[-9.4117 9.4117 ],13.3102,0.0025,128.0000,0.0100
77,-65.4924,[2.6509 -2.6903 ],[0.0233 -0.0233 ],0.0329,[-9.3176 9.3176 ],13.1771,0.0025,128.0000,0.0100
78,-65.9243,[2.6742 -2.7136 ],[0.0231 -0.0231 ],0.0326,[-9.2244 9.2244 ],13.0453,0.0025,128.0000,0.0100
79,-66.3476,[2.6973 -2.7366 ],[0.0228 -0.0228 ],0.0323,[-9.1322 9.1322 ],12.9149,0.0025,128.0000,0.0100
80,-66.7625,[2.7201 -2.7595 ],[0.0226 -0.0226 ],0.0320,[-9.0409 9.0409 ],12.7857,0.0025,128.0000,0.0100
81,-67.1691,[2.7427 -2.7821 ],[0.0224 -0.0224 ],0.0316,[-8.9505 8.9505 ],12.6579,0.0025,128.0000,0.0100
82,-67.5677,[2.7651 -2.8044 ],[0.0222 -0.0222 ],0.0313,[-8.8610 8.8610 ],12.5313,0.0025,128.0000,0.0100
83,-67.9583,[2.7872 -2.8266 ],[0.0219 -0.0219 ],0.0310,[-8.7724 8.7724 ],12.4060,0.0025,128.0000,0.0100
84,-68.3412,[2.8092 -2.8485 ],[0.0217 -0.0217 ],0.0307,[-8.6846 8.6846 ],12.2819,0.0025,128.0000,0.0100
85,-68.7164,[2.8309 -2.8702 ],[0.0215 -0.0215 ],0.0304,[-8.5978 8.5978 ],12.1591,0.0025,128.0000,0.0100
86,-69.0842,[2.8524 -2.8917 ],[0.0213 -0.0213 ],0.0301,[-8.5118 8.5118 ],12.0375,0.0025,128.0000,0.0100
87,-69.4446,[2.8736 -2.9130 ],[0.0211 -0.0211 ],0.0298,[-8.4267 8.4267 ],11.9171,0.0025,128.0000,0.0100
88,-69.7979,[2.8947 -2.9341 ],[0.0209 -0.0209 ],0.0295,[-8.3424 8.3424 ],11.7980,0.0025,128.0000,0.0100
89,-70.1441,[2.9156 -2.9549 ],[0.0206 -0.0206 ],0.0292,[-8.2590 8.2590 ],11.6800,0.0025,128.0000,0.0100
90,-70.4835,[2.9362 -2.9756 ],[0.0204 -0.0204 ],0.0289,[-8.1764 8.1764 ],11.5632,0.0025,128.0000,0.0100
91,-70.8161,[2.9567 -2.9960 ],[0.0202 -0.0202 ],0.0286,[-8.0946 8.0946 ],11.4475,0.0025,128.0000,0.0100
92,-71.1420,[2.9769 -3.0163 ],[0.0200 -0.0200 ],0.0283,[-8.0137 8.0137 ],11.3331,0.0025,128.0000,0.0100
93,-71.4615,[2.9969 -3.0363 ],[0.0198 -0.0198 ],0.0280,[-7.9336 7.9336 ],11.2197,0.0025,128.0000,0.0100
94,-71.7747,[3.0168 -3.0561 ],[0.0196 -0.0196 ],0.0278,[-7.8542 7.8542 ],11.1075,0.0025,128.0000,0.0100
95,-72.0816,[3.0364 -3.0758 ],[0.0194 -0.0194 ],0.0275,[-7.7757 7.7757 ],10.9965,0.0025,128.0000,0.0100
96,-72.3824,[3.0558 -3.0952 ],[0.0192 -0.0192 ],0.0272,[-7.6979 7.6979 ],10.8865,0.0025,128.0000,0.0100
97,-72.6772,[3.0751 -3.1144 ],[0.0191 -0.0191 ],0.0269,[-7.6209 7.6209 ],10.7776,0.0025,128.0000,0.0100
98,-72.9661,[3.0941 -3.1335 ],[0.0189 -0.0189 ],0.0267,[-7.5447 7.5447 ],10.6699,0.0025,128.0000,0.0100
99,-73.2493,[3.1130 -3.1524 ],[0.0187 -0.0187 ],0.0264,[-7.4693 7.4693 ],10.5632,0.0025,128.0000,0.0100
100,-73.5268,[3.1317 -3.1710 ],[0.0185 -0.0185 ],0.0261,[-7.3946 7.3946 ],10.4575,0.0025,128.0000,0.0100
101,-73.7989,[3.1502 -3.1895 ],[0.0183 -0.0183 ],0.0259,[-7.3206 7.3206 ],10.3530,0.0025,128.0000,0.0100
102,-74.0655,[3.1685 -3.2078 ],[0.0181 -0.0181 ],0.0256,[-7.2474 7.2474 ],10.2494,0.0025,128.0000,0.0100
103,-74.3268,[3.1866 -3.2259 ],[0.0179 -0.0179 ],0.0254,[-7.1750 7.1750 ],10.1469,0.0025,128.0000,0.0100
104,-74.5829,[3.2045 -3.2439 ],[0.0178 -0.0178 ],0.0251,[-7.1032 7.1032 ],10.0455,0.0025,128.0000,0.0100
105,-74.8339,[3.2223 -3.2616 ],[0.0176 -0.0176 ],0.0249,[-7.0322 7.0322 ],9.9450,0.0025,128.0000,0.0100
106,-75.0800,[3.2398 -3.2792 ],[0.0174 -0.0174 ],0.0246,[-6.9619 6.9619 ],9.8456,0.0025,128.0000,0.0100
107,-75.3211,[3.2573 -3.2966 ],[0.0172 -0.0172 ],0.0244,[-6.8922 6.8922 ],9.7471,0.0025,128.0000,0.0100
108,-75.5574,[3.2745 -3.3139 ],[0.0171 -0.0171 ],0.0241,[-6.8233 6.8233 ],9.6496,0.0025,128.0000,0.0100
109,-75.7890,[3.2915 -3.3309 ],[0.0169 -0.0169 ],0.0239,[-6.7551 6.7551 ],9.5531,0.0025,128.0000,0.0100
110,-76.0161,[3.3084 -3.3478 ],[0.0167 -0.0167 ],0.0236,[-6.6875 6.6875 ],9.4576,0.0025,128.0000,0.0100
111,-76.2386,[3.3251 -3.3645 ],[0.0166 -0.0166 ],0.0234,[-6.6207 6.6207 ],9.3630,0.0025,128.0000,0.0100
112,-76.4566,[3.3417 -3.3811 ],[0.0164 -0.0164 ],0.0232,[-6.5545 6.5545 ],9.2694,0.0025,128.0000,0.0100
113,-76.6704,[3.3581 -3.3975 ],[0.0162 -0.0162 ],0.0229,[-6.4889 6.4889 ],9.1767,0.0025,128.0000,0.0100
114,-76.8798,[3.3743 -3.4137 ],[0.0161 -0.0161 ],0.0227,[-6.4240 6.4240 ],9.0849,0.0025,128.0000,0.0100
115,-77.0851,[3.3904 -3.4297 ],[0.0159 -0.0159 ],0.0225,[-6.3598 6.3598 ],8.9941,0.0025,128.0000,0.0100
116,-77.2864,[3.4063 -3.4456 ],[0.0157 -0.0157 ],0.0223,[-6.2962 6.2962 ],8.9041,0.0025,128.0000,0.0100
117,-77.4836,[3.4220 -3.4614 ],[0.0156 -0.0156 ],0.0220,[-6.2332 6.2332 ],8.8151,0.0025,128.0000,0.0100
118,-77.6769,[3.4376 -3.4770 ],[0.0154 -0.0154 ],0.0218,[-6.1709 6.1709 ],8.7270,0.0025,128.0000,0.0100
119,-77.8663,[3.4530 -3.4924 ],[0.0153 -0.0153 ],0.0216,[-6.1092 6.1092 ],8.6397,0.0025,128.0000,0.0100
120,-78.0520,[3.4683 -3.5077 ],[0.0151 -0.0151 ],0.0214,[-6.0481 6.0481 ],8.5533,0.0025,128.0000,0.0100
121,-78.2340,[3.4834 -3.5228 ],[0.0150 -0.0150 ],0.0212,[-5.9876 5.9876 ],8.4678,0.0025,128.0000,0.0100
122,-78.4123,[3.4984 -3.5378 ],[0.0148 -0.0148 ],0.0210,[-5.9277 5.9277 ],8.3831,0.0025,128.0000,0.0100
123,-78.5872,[3.5132 -3.5526 ],[0.0147 -0.0147 ],0.0207,[-5.8685 5.8685 ],8.2992,0.0025,128.0000,0.0100
124,-78.7585,[3.5279 -3.5672 ],[0.0145 -0.0145 ],0.0205,[-5.8098 5.8098 ],8.2163,0.0025,128.0000,0.0100
125,-78.9264,[3.5424 -3.5818 ],[0.0144 -0.0144 ],0.0203,[-5.7517 5.7517 ],8.1341,0.0025,128.0000,0.0100
126,-79.0910,[3.5568 -3.5961 ],[0.0142 -0.0142 ],0.0201,[-5.6942 5.6942 ],8.0528,0.0025,128.0000,0.0100
127,-79.2523,[3.5710 -3.6104 ],[0.0141 -0.0141 ],0.0199,[-5.6372 5.6372 ],7.9722,0.0025,128.0000,0.0100
128,-79.4104,[3.5851 -3.6245 ],[0.0140 -0.0140 ],0.0197,[-5.5808 5.5808 ],7.8925,0.0025,128.0000,0.0100
129,-79.5654,[3.5991 -3.6384 ],[0.0138 -0.0138 ],0.0195,[-5.5250 5.5250 ],7.8136,0.0025,128.0000,0.0100
130,-79.7172,[3.6129 -3.6522 ],[0.0137 -0.0137 ],0.0193,[-5.4698 5.4698 ],7.7354,0.0025,128.0000,0.0100
131,-79.8661,[3.6265 -3.6659 ],[0.0135 -0.0135 ],0.0191,[-5.4151 5.4151 ],7.6581,0.0025,128.0000,0.0100
132,-80.0119,[3.6401 -3.6795 ],[0.0134 -0.0134 ],0.0190,[-5.3609 5.3609 ],7.5815,0.0025,128.0000,0.0100
133,-80.1549,[3.6535 -3.6929 ],[0.0133 -0.0133 ],0.0188,[-5.3073 5.3073 ],7.5057,0.0025,128.0000,0.0100
134,-80.2951,[3.6668 -3.7061 ],[0.0131 -0.0131 ],0.0186,[-5.2543 5.2543 ],7.4306,0.0025,128.0000,0.0100
135,-80.4324,[3.6799 -3.7193 ],[0.0130 -0.0130 ],0.0184,[-5.2017 5.2017 ],7.3563,0.0025,128.0000,0.0100
136,-80.5670,[3.6929 -3.7323 ],[0.0129 -0.0129 ],0.0182,[-5.1497 5.1497 ],7.2828,0.0025,128.0000,0.0100
137,-80.6990,[3.7058 -3.7451 ],[0.0127 -0.0127 ],0.0180,[-5.0982 5.0982 ],7.2099,0.0025,128.0000,0.0100
138,-80.8283,[3.7185 -3.7579 ],[0.0126 -0.0126 ],0.0178,[-5.0472 5.0472 ],7.1378,0.0025,128.0000,0.0100
139,-80.9550,[3.7311 -3.7705 ],[0.0125 -0.0125 ],0.0177,[-4.9967 4.9967 ],7.0665,0.0025,128.0000,0.0100
140,-81.0792,[3.7436 -3.7830 ],[0.0124 -0.0124 ],0.0175,[-4.9468 4.9468 ],6.9958,0.0025,128.0000,0.0100
141,-81.2009,[3.7560 -3.7954 ],[0.0122 -0.0122 ],0.0173,[-4.8973 4.8973 ],6.9258,0.0025,128.0000,0.0100
142,-81.3203,[3.7682 -3.8076 ],[0.0121 -0.0121 ],0.0171,[-4.8483 4.8483 ],6.8566,0.0025,128.0000,0.0100
143,-81.4372,[3.7804 -3.8197 ],[0.0120 -0.0120 ],0.0170,[-4.7998 4.7998 ],6.7880,0.0025,128.0000,0.0100
144,-81.5518,[3.7924 -3.8317 ],[0.0119 -0.0119 ],0.0168,[-4.7519 4.7519 ],6.7201,0.0025,128.0000,0.0100
145,-81.6642,[3.8042 -3.8436 ],[0.0118 -0.0118 ],0.0166,[-4.7043 4.7043 ],6.6529,0.0025,128.0000,0.0100
146,-81.7743,[3.8160 -3.8554 ],[0.0116 -0.0116 ],0.0165,[-4.6573 4.6573 ],6.5864,0.0025,128.0000,0.0100
147,-81.8822,[3.8276 -3.8670 ],[0.0115 -0.0115 ],0.0163,[-4.6107 4.6107 ],6.5205,0.0025,128.0000,0.0100
148,-81.9879,[3.8392 -3.8785 ],[0.0114 -0.0114 ],0.0161,[-4.5646 4.5646 ],6.4553,0.0025,128.0000,0.0100
149,-82.0916,[3.8506 -3.8899 ],[0.0113 -0.0113 ],0.0160,[-4.5190 4.5190 ],6.3908,0.0025,128.0000,0.0100
150,-82.1932,[3.8619 -3.9012 ],[0.0112 -0.0112 ],0.0158,[-4.4738 4.4738 ],6.3269,0.0025,128.0000,0.0100
151,-82.2928,[3.8731 -3.9124 ],[0.0111 -0.0111 ],0.0157,[-4.4290 4.4290 ],6.2636,0.0025,128.0000,0.0100
152,-82.3904,[3.8841 -3.9235 ],[0.0110 -0.0110 ],0.0155,[-4.3847 4.3847 ],6.2010,0.0025,128.0000,0.0100
153,-82.4860,[3.8951 -3.9345 ],[0.0109 -0.0109 ],0.0153,[-4.3409 4.3409 ],6.1390,0.0025,128.0000,0.0100
154,-82.5797,[3.9059 -3.9453 ],[0.0107 -0.0107 ],0.0152,[-4.2975 4.2975 ],6.0776,0.0025,128.0000,0.0100
155,-82.6716,[3.9167 -3.9561 ],[0.0106 -0.0106 ],0.0150,[-4.2545 4.2545 ],6.0168,0.0025,128.0000,0.0100
156,-82.7617,[3.9273 -3.9667 ],[0.0105 -0.0105 ],0.0149,[-4.2120 4.2120 ],5.9566,0.0025,128.0000,0.0100
157,-82.8499,[3.9379 -3.9772 ],[0.0104 -0.0104 ],0.0147,[-4.1698 4.1698 ],5.8971,0.0025,128.0000,0.0100
158,-82.9364,[3.9483 -3.9876 ],[0.0103 -0.0103 ],0.0146,[-4.1282 4.1282 ],5.8381,0.0025,128.0000,0.0100
159,-83.0212,[3.9586 -3.9980 ],[0.0102 -0.0102 ],0.0144,[-4.0869 4.0869 ],5.7797,0.0025,128.0000,0.0100
160,-83.1043,[3.9688 -4.0082 ],[0.0101 -0.0101 ],0.0143,[-4.0460 4.0460 ],5.7219,0.0025,128.0000,0.0100
161,-83.1858,[3.9789 -4.0183 ],[0.0100 -0.0100 ],0.0142,[-4.0055 4.0055 ],5.6647,0.0025,128.0000,0.0100
162,-83.2656,[3.9889 -4.0283 ],[0.0099 -0.0099 ],0.0140,[-3.9655 3.9655 ],5.6080,0.0025,128.0000,0.0100
163,-83.3438,[3.9989 -4.0382 ],[0.0098 -0.0098 ],0.0139,[-3.9258 3.9258 ],5.5520,0.0025,128.0000,0.0100
164,-83.4205,[4.0087 -4.0480 ],[0.0097 -0.0097 ],0.0137,[-3.8866 3.8866 ],5.4964,0.0025,128.0000,0.0100
165,-83.4956,[4.0184 -4.0578 ],[0.0096 -0.0096 ],0.0136,[-3.8477 3.8477 ],5.4415,0.0025,128.0000,0.0100
166,-83.5693,[4.0280 -4.0674 ],[0.0095 -0.0095 ],0.0135,[-3.8092 3.8092 ],5.3871,0.0025,128.0000,0.0100
167,-83.6415,[4.0375 -4.0769 ],[0.0094 -0.0094 ],0.0133,[-3.7711 3.7711 ],5.3332,0.0025,128.0000,0.0100
168,-83.7122,[4.0470 -4.0863 ],[0.0093 -0.0093 ],0.0132,[-3.7334 3.7334 ],5.2799,0.0025,128.0000,0.0100
169,-83.7816,[4.0563 -4.0957 ],[0.0092 -0.0092 ],0.0131,[-3.6961 3.6961 ],5.2271,0.0025,128.0000,0.0100
170,-83.8495,[4.0655 -4.1049 ],[0.0091 -0.0091 ],0.0129,[-3.6591 3.6591 ],5.1748,0.0025,128.0000,0.0100
171,-83.9162,[4.0747 -4.1141 ],[0.0091 -0.0091 ],0.0128,[-3.6225 3.6225 ],5.1230,0.0025,128.0000,0.0100
172,-83.9814,[4.0837 -4.1231 ],[0.0090 -0.0090 ],0.0127,[-3.5863 3.5863 ],5.0718,0.0025,128.0000,0.0100
173,-84.0454,[4.0927 -4.1321 ],[0.0089 -0.0089 ],0.0126,[-3.5505 3.5505 ],5.0211,0.0025,128.0000,0.0100
174,-84.1081,[4.1016 -4.1409 ],[0.0088 -0.0088 ],0.0124,[-3.5149 3.5149 ],4.9709,0.0025,128.0000,0.0100
175,-84.1696,[4.1104 -4.1497 ],[0.0087 -0.0087 ],0.0123,[-3.4798 3.4798 ],4.9212,0.0025,128.0000,0.0100
176,-84.2298,[4.1191 -4.1584 ],[0.0086 -0.0086 ],0.0122,[-3.4450 3.4450 ],4.8720,0.0025,128.0000,0.0100
177,-84.2889,[4.1277 -4.1670 ],[0.0085 -0.0085 ],0.0121,[-3.4105 3.4105 ],4.8232,0.0025,128.0000,0.0100
178,-84.3468,[4.1362 -4.1756 ],[0.0084 -0.0084 ],0.0119,[-3.3764 3.3764 ],4.7750,0.0025,128.0000,0.0100
179,-84.4035,[4.1446 -4.1840 ],[0.0084 -0.0084 ],0.0118,[-3.3427 3.3427 ],4.7273,0.0025,128.0000,0.0100
180,-84.4591,[4.1530 -4.1924 ],[0.0083 -0.0083 ],0.0117,[-3.3093 3.3093 ],4.6800,0.0025,128.0000,0.0100
181,-84.5135,[4.1613 -4.2006 ],[0.0082 -0.0082 ],0.0116,[-3.2762 3.2762 ],4.6332,0.0025,128.0000,0.0100
182,-84.5669,[4.1695 -4.2088 ],[0.0081 -0.0081 ],0.0115,[-3.2434 3.2434 ],4.5869,0.0025,128.0000,0.0100
183,-84.6193,[4.1776 -4.2169 ],[0.0080 -0.0080 ],0.0114,[-3.2110 3.2110 ],4.5410,0.0025,128.0000,0.0100
184,-84.6706,[4.1856 -4.2250 ],[0.0079 -0.0079 ],0.0112,[-3.1789 3.1789 ],4.4956,0.0025,128.0000,0.0100
185,-84.7208,[4.1935 -4.2329 ],[0.0079 -0.0079 ],0.0111,[-3.1471 3.1471 ],4.4506,0.0025,128.0000,0.0100
186,-84.7701,[4.2014 -4.2408 ],[0.0078 -0.0078 ],0.0110,[-3.1156 3.1156 ],4.4061,0.0025,128.0000,0.0100
187,-84.8184,[4.2092 -4.2486 ],[0.0077 -0.0077 ],0.0109,[-3.0844 3.0844 ],4.3621,0.0025,128.0000,0.0100
188,-84.8657,[4.2169 -4.2563 ],[0.0076 -0.0076 ],0.0108,[-3.0536 3.0536 ],4.3184,0.0025,128.0000,0.0100
189,-84.9121,[4.2246 -4.2639 ],[0.0076 -0.0076 ],0.0107,[-3.0231 3.0231 ],4.2753,0.0025,128.0000,0.0100
190,-84.9576,[4.2321 -4.2715 ],[0.0075 -0.0075 ],0.0106,[-2.9928 2.9928 ],4.2325,0.0025,128.0000,0.0100
191,-85.0022,[4.2396 -4.2790 ],[0.0074 -0.0074 ],0.0105,[-2.9629 2.9629 ],4.1902,0.0025,128.0000,0.0100
192,-85.0458,[4.2470 -4.2864 ],[0.0073 -0.0073 ],0.0104,[-2.9333 2.9333 ],4.1483,0.0025,128.0000,0.0100
193,-85.0886,[4.2543 -4.2937 ],[0.0073 -0.0073 ],0.0103,[-2.9039 2.9039 ],4.1068,0.0025,128.0000,0.0100
194,-85.1306,[4.2616 -4.3010 ],[0.0072 -0.0072 ],0.0102,[-2.8749 2.8749 ],4.0657,0.0025,128.0000,0.0100
195,-85.1717,[4.2688 -4.3081 ],[0.0071 -0.0071 ],0.0101,[-2.8461 2.8461 ],4.0251,0.0025,128.0000,0.0100
196,-85.2120,[4.2759 -4.3153 ],[0.0070 -0.0070 ],0.0100,[-2.8177 2.8177 ],3.9848,0.0025,128.0000,0.0100
197,-85.2515,[4.2829 -4.3223 ],[0.0070 -0.0070 ],0.0099,[-2.7895 2.7895 ],3.9450,0.0025,128.0000,0.0100
198,-85.2902,[4.2899 -4.3293 ],[0.0069 -0.0069 ],0.0098,[-2.7616 2.7616 ],3.9055,0.0025,128.0000,0.0100
199,-85.3282,[4.2968 -4.3362 ],[0.0068 -0.0068 ],0.0097,[-2.7340 2.7340 ],3.8665,0.0025,128.0000,0.0100
200,-85.3653,[4.3036 -4.3430 ],[0.0068 -0.0068 ],0.0096,[-2.7067 2.7067 ],3.8278,0.0025,128.0000,0.0100
201,-85.4018,[4.3104 -4.3498 ],[0.0067 -0.0067 ],0.0095,[-2.6796 2.6796 ],3.7895,0.0025,128.0000,0.0100
202,-85.4375,[4.3171 -4.3565 ],[0.0066 -0.0066 ],0.0094,[-2.6528 2.6528 ],3.7516,0.0025,128.0000,0.0100
203,-85.4725,[4.3237 -4.3631 ],[0.0066 -0.0066 ],0.0093,[-2.6263 2.6263 ],3.7141,0.0025,128.0000,0.0100
204,-85.5068,[4.3303 -4.3697 ],[0.0065 -0.0065 ],0.0092,[-2.6000 2.6000 ],3.6770,0.0025,128.0000,0.0100
205,-85.5405,[4.3368 -4.3762 ],[0.0064 -0.0064 ],0.0091,[-2.5740 2.5740 ],3.6402,0.0025,128.0000,0.0100
206,-85.5734,[4.3432 -4.3826 ],[0.0064 -0.0064 ],0.0090,[-2.5483 2.5483 ],3.6038,0.0025,128.0000,0.0100
207,-85.6057,[4.3496 -4.3890 ],[0.0063 -0.0063 ],0.0089,[-2.5228 2.5228 ],3.5678,0.0025,128.0000,0.0100
208,-85.6374,[4.3559 -4.3953 ],[0.0062 -0.0062 ],0.0088,[-2.4976 2.4976 ],3.5321,0.0025,128.0000,0.0100
209,-85.6684,[4.3622 -4.4015 ],[0.0062 -0.0062 ],0.0087,[-2.4726 2.4726 ],3.4968,0.0025,128.0000,0.0100
210,-85.6989,[4.3684 -4.4077 ],[0.0061 -0.0061 ],0.0087,[-2.4479 2.4479 ],3.4618,0.0025,128.0000,0.0100
211,-85.7287,[4.3745 -4.4138 ],[0.0061 -0.0061 ],0.0086,[-2.4234 2.4234 ],3.4272,0.0025,128.0000,0.0100
212,-85.7579,[4.3805 -4.4199 ],[0.0060 -0.0060 ],0.0085,[-2.3991 2.3991 ],3.3929,0.0025,128.0000,0.0100
213,-85.7865,[4.3865 -4.4259 ],[0.0059 -0.0059 ],0.0084,[-2.3752 2.3752 ],3.3590,0.0025,128.0000,0.0100
214,-85.8146,[4.3925 -4.4318 ],[0.0059 -0.0059 ],0.0083,[-2.3514 2.3514 ],3.3254,0.0025,128.0000,0.0100
215,-85.8421,[4.3983 -4.4377 ],[0.0058 -0.0058 ],0.0082,[-2.3279 2.3279 ],3.2921,0.0025,128.0000,0.0100
216,-85.8690,[4.4042 -4.4435 ],[0.0058 -0.0058 ],0.0081,[-2.3046 2.3046 ],3.2592,0.0025,128.0000,0.0100
217,-85.8955,[4.4099 -4.4493 ],[0.0057 -0.0057 ],0.0081,[-2.2816 2.2816 ],3.2266,0.0025,128.0000,0.0100
218,-85.9214,[4.4156 -4.4550 ],[0.0056 -0.0056 ],0.0080,[-2.2587 2.2587 ],3.1943,0.0025,128.0000,0.0100
219,-85.9468,[4.4213 -4.4606 ],[0.0056 -0.0056 ],0.0079,[-2.2362 2.2362 ],3.1624,0.0025,128.0000,0.0100
220,-85.9716,[4.4269 -4.4662 ],[0.0055 -0.0055 ],0.0078,[-2.2138 2.2138 ],3.1308,0.0025,128.0000,0.0100
221,-85.9960,[4.4324 -4.4718 ],[0.0055 -0.0055 ],0.0077,[-2.1917 2.1917 ],3.0995,0.0025,128.0000,0.0100
222,-86.0199,[4.4379 -4.4772 ],[0.0054 -0.0054 ],0.0077,[-2.1697 2.1697 ],3.0685,0.0025,128.0000,0.0100
223,-86.0433,[4.4433 -4.4827 ],[0.0054 -0.0054 ],0.0076,[-2.1480 2.1480 ],3.0378,0.0025,128.0000,0.0100
224,-86.0663,[4.4487 -4.4880 ],[0.0053 -0.0053 ],0.0075,[-2.1266 2.1266 ],3.0074,0.0025,128.0000,0.0100
225,-86.0888,[4.4540 -4.4934 ],[0.0053 -0.0053 ],0.0074,[-2.1053 2.1053 ],2.9773,0.0025,128.0000,0.0100
226,-86.1108,[4.4593 -4.4986 ],[0.0052 -0.0052 ],0.0074,[-2.0842 2.0842 ],2.9476,0.0025,128.0000,0.0100
227,-86.1324,[4.4645 -4.5038 ],[0.0052 -0.0052 ],0.0073,[-2.0634 2.0634 ],2.9181,0.0025,128.0000,0.0100
228,-86.1536,[4.4696 -4.5090 ],[0.0051 -0.0051 ],0.0072,[-2.0428 2.0428 ],2.8889,0.0025,128.0000,0.0100
229,-86.1744,[4.4747 -4.5141 ],[0.0051 -0.0051 ],0.0072,[-2.0223 2.0223 ],2.8600,0.0025,128.0000,0.0100
230,-86.1947,[4.4798 -4.5192 ],[0.0050 -0.0050 ],0.0071,[-2.0021 2.0021 ],2.8314,0.0025,128.0000,0.0100
231,-86.2147,[4.4848 -4.5242 ],[0.0050 -0.0050 ],0.0070,[-1.9821 1.9821 ],2.8031,0.0025,128.0000,0.0100
232,-86.2342,[4.4897 -4.5291 ],[0.0049 -0.0049 ],0.0069,[-1.9623 1.9623 ],2.7751,0.0025,128.0000,0.0100
233,-86.2534,[4.4947 -4.5340 ],[0.0049 -0.0049 ],0.0069,[-1.9427 1.9427 ],2.7473,0.0025,128.0000,0.0100
234,-86.2722,[4.4995 -4.5389 ],[0.0048 -0.0048 ],0.0068,[-1.9232 1.9232 ],2.7199,0.0025,128.0000,0.0100
235,-86.2906,[4.5043 -4.5437 ],[0.0048 -0.0048 ],0.0067,[-1.9040 1.9040 ],2.6927,0.0025,128.0000,0.0100
236,-86.3086,[4.5091 -4.5484 ],[0.0047 -0.0047 ],0.0067,[-1.8850 1.8850 ],2.6657,0.0025,128.0000,0.0100
237,-86.3263,[4.5138 -4.5532 ],[0.0047 -0.0047 ],0.0066,[-1.8661 1.8661 ],2.6391,0.0025,128.0000,0.0100
238,-86.3436,[4.5185 -4.5578 ],[0.0046 -0.0046 ],0.0065,[-1.8474 1.8474 ],2.6127,0.0025,128.0000,0.0100
239,-86.3606,[4.5231 -4.5624 ],[0.0046 -0.0046 ],0.0065,[-1.8290 1.8290 ],2.5866,0.0025,128.0000,0.0100
240,-86.3772,[4.5276 -4.5670 ],[0.0045 -0.0045 ],0.0064,[-1.8107 1.8107 ],2.5607,0.0025,128.0000,0.0100
241,-86.3935,[4.5322 -4.5715 ],[0.0045 -0.0045 ],0.0063,[-1.7926 1.7926 ],2.5351,0.0025,128.0000,0.0100
242,-86.4095,[4.5367 -4.5760 ],[0.0044 -0.0044 ],0.0063,[-1.7746 1.7746 ],2.5097,0.0025,128.0000,0.0100
243,-86.4252,[4.5411 -4.5805 ],[0.0044 -0.0044 ],0.0062,[-1.7569 1.7569 ],2.4846,0.0025,128.0000,0.0100
244,-86.4405,[4.5455 -4.5849 ],[0.0043 -0.0043 ],0.0061,[-1.7393 1.7393 ],2.4598,0.0025,128.0000,0.0100
245,-86.4556,[4.5498 -4.5892 ],[0.0043 -0.0043 ],0.0061,[-1.7219 1.7219 ],2.4352,0.0025,128.0000,0.0100
246,-86.4703,[4.5541 -4.5935 ],[0.0043 -0.0043 ],0.0060,[-1.7047 1.7047 ],2.4108,0.0025,128.0000,0.0100
247,-86.4848,[4.5584 -4.5978 ],[0.0042 -0.0042 ],0.0060,[-1.6877 1.6877 ],2.3867,0.0025,128.0000,0.0100
248,-86.4990,[4.5626 -4.6020 ],[0.0042 -0.0042 ],0.0059,[-1.6708 1.6708 ],2.3629,0.0025,128.0000,0.0100
249,-86.5128,[4.5668 -4.6062 ],[0.0041 -0.0041 ],0.0058,[-1.6541 1.6541 ],2.3392,0.0025,128.0000,0.0100
250,-86.5265,[4.5709 -4.6103 ],[0.0041 -0.0041 ],0.0058,[-1.6375 1.6375 ],2.3158,0.0025,128.0000,0.0100
251,-86.5398,[4.5750 -4.6144 ],[0.0041 -0.0041 ],0.0057,[-1.6212 1.6212 ],2.2927,0.0025,128.0000,0.0100
252,-86.5529,[4.5791 -4.6184 ],[0.0040 -0.0040 ],0.0057,[-1.6050 1.6050 ],2.2698,0.0025,128.0000,0.0100
253,-86.5657,[4.5831 -4.6225 ],[0.0040 -0.0040 ],0.0056,[-1.5889 1.5889 ],2.2471,0.0025,128.0000,0.0100
254,-86.5783,[4.5871 -4.6264 ],[0.0039 -0.0039 ],0.0056,[-1.5730 1.5730 ],2.2246,0.0025,128.0000,0.0100
255,-86.5906,[4.5910 -4.6304 ],[0.0039 -0.0039 ],0.0055,[-1.5573 1.5573 ],2.2023,0.0025,128.0000,0.0100
256,-86.6026,[4.5949 -4.6343 ],[0.0039 -0.0039 ],0.0055,[-1.5417 1.5417 ],2.1803,0.0025,128.0000,0.0100
257,-86.6145,[4.5987 -4.6381 ],[0.0038 -0.0038 ],0.0054,[-1.5263 1.5263 ],2.1585,0.0025,128.0000,0.0100
258,-86.6260,[4.6026 -4.6419 ],[0.0038 -0.0038 ],0.0053,[-1.5110 1.5110 ],2.1369,0.0025,128.0000,0.0100
259,-86.6374,[4.6063 -4.6457 ],[0.0037 -0.0037 ],0.0053,[-1.4959 1.4959 ],2.1156,0.0025,128.0000,0.0100
260,-86.6485,[4.6101 -4.6494 ],[0.0037 -0.0037 ],0.0052,[-1.4810 1.4810 ],2.0944,0.0025,128.0000,0.0100
261,-86.6594,[4.6138 -4.6531 ],[0.0037 -0.0037 ],0.0052,[-1.4662 1.4662 ],2.0735,0.0025,128.0000,0.0100
262,-86.6701,[4.6174 -4.6568 ],[0.0036 -0.0036 ],0.0051,[-1.4515 1.4515 ],2.0527,0.0025,128.0000,0.0100
263,-86.6806,[4.6211 -4.6604 ],[0.0036 -0.0036 ],0.0051,[-1.4370 1.4370 ],2.0322,0.0025,128.0000,0.0100
264,-86.6909,[4.6247 -4.6640 ],[0.0036 -0.0036 ],0.0050,[-1.4226 1.4226 ],2.0119,0.0025,128.0000,0.0100
265,-86.7010,[4.6282 -4.6676 ],[0.0035 -0.0035 ],0.0050,[-1.4084 1.4084 ],1.9918,0.0025,128.0000,0.0100
266,-86.7108,[4.6317 -4.6711 ],[0.0035 -0.0035 ],0.0049,[-1.3943 1.3943 ],1.9718,0.0025,128.0000,0.0100
267,-86.7205,[4.6352 -4.6746 ],[0.0035 -0.0035 ],0.0049,[-1.3804 1.3804 ],1.9521,0.0025,128.0000,0.0100
268,-86.7300,[4.6387 -4.6780 ],[0.0034 -0.0034 ],0.0048,[-1.3666 1.3666 ],1.9326,0.0025,128.0000,0.0100
269,-86.7393,[4.6421 -4.6815 ],[0.0034 -0.0034 ],0.0048,[-1.3529 1.3529 ],1.9133,0.0025,128.0000,0.0100
270,-86.7484,[4.6455 -4.6848 ],[0.0033 -0.0033 ],0.0047,[-1.3394 1.3394 ],1.8941,0.0025,128.0000,0.0100
271,-86.7573,[4.6488 -4.6882 ],[0.0033 -0.0033 ],0.0047,[-1.3260 1.3260 ],1.8752,0.0025,128.0000,0.0100
272,-86.7661,[4.6521 -4.6915 ],[0.0033 -0.0033 ],0.0046,[-1.3127 1.3127 ],1.8564,0.0025,128.0000,0.0100
273,-86.7746,[4.6554 -4.6948 ],[0.0032 -0.0032 ],0.0046,[-1.2996 1.2996 ],1.8379,0.0025,128.0000,0.0100
274,-86.7830,[4.6587 -4.6980 ],[0.0032 -0.0032 ],0.0045,[-1.2866 1.2866 ],1.8195,0.0025,128.0000,0.0100
275,-86.7913,[4.6619 -4.7013 ],[0.0032 -0.0032 ],0.0045,[-1.2737 1.2737 ],1.8013,0.0025,128.0000,0.0100
276,-86.7993,[4.6651 -4.7044 ],[0.0032 -0.0032 ],0.0045,[-1.2610 1.2610 ],1.7833,0.0025,128.0000,0.0100
277,-86.8072,[4.6682 -4.7076 ],[0.0031 -0.0031 ],0.0044,[-1.2484 1.2484 ],1.7655,0.0025,128.0000,0.0100
278,-86.8150,[4.6713 -4.7107 ],[0.0031 -0.0031 ],0.0044,[-1.2359 1.2359 ],1.7478,0.0025,128.0000,0.0100
279,-86.8226,[4.6744 -4.7138 ],[0.0031 -0.0031 ],0.0043,[-1.2235 1.2235 ],1.7303,0.0025,128.0000,0.0100
280,-86.8300,[4.6775 -4.7169 ],[0.0030 -0.0030 ],0.0043,[-1.2113 1.2113 ],1.7130,0.0025,128.0000,0.0100
281,-86.8373,[4.6805 -4.7199 ],[0.0030 -0.0030 ],0.0042,[-1.1992 1.1992 ],1.6959,0.0025,128.0000,0.0100
282,-86.8445,[4.6835 -4.7229 ],[0.0030 -0.0030 ],0.0042,[-1.1872 1.1872 ],1.6789,0.0025,128.0000,0.0100
283,-86.8515,[4.6865 -4.7259 ],[0.0029 -0.0029 ],0.0042,[-1.1753 1.1753 ],1.6621,0.0025,128.0000,0.0100
284,-86.8584,[4.6894 -4.7288 ],[0.0029 -0.0029 ],0.0041,[-1.1636 1.1636 ],1.6455,0.0025,128.0000,0.0100
285,-86.8651,[4.6923 -4.7317 ],[0.0029 -0.0029 ],0.0041,[-1.1519 1.1519 ],1.6291,0.0025,128.0000,0.0100
286,-86.8717,[4.6952 -4.7346 ],[0.0029 -0.0029 ],0.0040,[-1.1404 1.1404 ],1.6128,0.0025,128.0000,0.0100
287,-86.8782,[4.6981 -4.7374 ],[0.0028 -0.0028 ],0.0040,[-1.1290 1.1290 ],1.5967,0.0025,128.0000,0.0100
288,-86.8845,[4.7009 -4.7403 ],[0.0028 -0.0028 ],0.0040,[-1.1177 1.1177 ],1.5807,0.0025,128.0000,0.0100
289,-86.8907,[4.7037 -4.7431 ],[0.0028 -0.0028 ],0.0039,[-1.1065 1.1065 ],1.5649,0.0025,128.0000,0.0100
290,-86.8968,[4.7064 -4.7458 ],[0.0027 -0.0027 ],0.0039,[-1.0955 1.0955 ],1.5492,0.0025,128.0000,0.0100
291,-86.9028,[4.7092 -4.7486 ],[0.0027 -0.0027 ],0.0038,[-1.0845 1.0845 ],1.5337,0.0025,128.0000,0.0100
292,-86.9087,[4.7119 -4.7513 ],[0.0027 -0.0027 ],0.0038,[-1.0737 1.0737 ],1.5184,0.0025,128.0000,0.0100
293,-86.9144,[4.7146 -4.7540 ],[0.0027 -0.0027 ],0.0038,[-1.0629 1.0629 ],1.5032,0.0025,128.0000,0.0100
294,-86.9200,[4.7172 -4.7566 ],[0.0026 -0.0026 ],0.0037,[-1.0523 1.0523 ],1.4882,0.0025,128.0000,0.0100
295,-86.9255,[4.7199 -4.7592 ],[0.0026 -0.0026 ],0.0037,[-1.0418 1.0418 ],1.4733,0.0025,128.0000,0.0100
296,-86.9309,[4.7225 -4.7618 ],[0.0026 -0.0026 ],0.0036,[-1.0314 1.0314 ],1.4586,0.0025,128.0000,0.0100
297,-86.9362,[4.7251 -4.7644 ],[0.0026 -0.0026 ],0.0036,[-1.0211 1.0211 ],1.4440,0.0025,128.0000,0.0100
298,-86.9414,[4.7276 -4.7670 ],[0.0025 -0.0025 ],0.0036,[-1.0108 1.0108 ],1.4295,0.0025,128.0000,0.0100
299,-86.9465,[4.7301 -4.7695 ],[0.0025 -0.0025 ],0.0035,[-1.0007 1.0007 ],1.4152,0.0025,128.0000,0.0100
300,-86.9515,[4.7326 -4.7720 ],[0.0025 -0.0025 ],0.0035,[-0.9907 0.9907 ],1.4011,0.0025,128.0000,0.0100
301,-86.9563,[4.7351 -4.7745 ],[0.0025 -0.0025 ],0.0035,[-0.9808 0.9808 ],1.3871,0.0025,128.0000,0.0100
302,-86.9611,[4.7376 -4.7769 ],[0.0024 -0.0024 ],0.0034,[-0.9710 0.9710 ],1.3732,0.0025,128.0000,0.0100
303,-86.9658,[4.7400 -4.7794 ],[0.0024 -0.0024 ],0.0034,[-0.9613 0.9613 ],1.3595,0.0025,128.0000,0.0100
304,-86.9704,[4.7424 -4.7818 ],[0.0024 -0.0024 ],0.0034,[-0.9517 0.9517 ],1.3459,0.0025,128.0000,0.0100
305,-86.9749,[4.7448 -4.7841 ],[0.0024 -0.0024 ],0.0033,[-0.9422 0.9422 ],1.3324,0.0025,128.0000,0.0100
306,-86.9793,[4.7471 -4.7865 ],[0.0023 -0.0023 ],0.0033,[-0.9327 0.9327 ],1.3191,0.0025,128.0000,0.0100
307,-86.9837,[4.7495 -4.7888 ],[0.0023 -0.0023 ],0.0033,[-0.9234 0.9234 ],1.3059,0.0025,128.0000,0.0100
308,-86.9879,[4.7518 -4.7911 ],[0.0023 -0.0023 ],0.0032,[-0.9142 0.9142 ],1.2929,0.0025,128.0000,0.0100
309,-86.9921,[4.7541 -4.7934 ],[0.0023 -0.0023 ],0.0032,[-0.9050 0.9050 ],1.2799,0.0025,128.0000,0.0100
310,-86.9961,[4.7563 -4.7957 ],[0.0022 -0.0022 ],0.0032,[-0.8960 0.8960 ],1.2671,0.0025,128.0000,0.0100
311,-87.0001,[4.7586 -4.7979 ],[0.0022 -0.0022 ],0.0031,[-0.8870 0.8870 ],1.2545,0.0025,128.0000,0.0100
312,-87.0041,[4.7608 -4.8001 ],[0.0022 -0.0022 ],0.0031,[-0.8782 0.8782 ],1.2419,0.0025,128.0000,0.0100
313,-87.0079,[4.7630 -4.8023 ],[0.0022 -0.0022 ],0.0031,[-0.8694 0.8694 ],1.2295,0.0025,128.0000,0.0100
314,-87.0117,[4.7651 -4.8045 ],[0.0022 -0.0022 ],0.0030,[-0.8607 0.8607 ],1.2172,0.0025,128.0000,0.0100
315,-87.0153,[4.7673 -4.8067 ],[0.0021 -0.0021 ],0.0030,[-0.8521 0.8521 ],1.2050,0.0025,128.0000,0.0100
316,-87.0190,[4.7694 -4.8088 ],[0.0021 -0.0021 ],0.0030,[-0.8436 0.8436 ],1.1930,0.0025,128.0000,0.0100
317,-87.0225,[4.7715 -4.8109 ],[0.0021 -0.0021 ],0.0030,[-0.8351 0.8351 ],1.1810,0.0025,128.0000,0.0100
318,-87.0260,[4.7736 -4.8130 ],[0.0021 -0.0021 ],0.0029,[-0.8268 0.8268 ],1.1692,0.0025,128.0000,0.0100
319,-87.0294,[4.7757 -4.8151 ],[0.0020 -0.0020 ],0.0029,[-0.8185 0.8185 ],1.1575,0.0025,128.0000,0.0100
320,-87.0327,[4.7777 -4.8171 ],[0.0020 -0.0020 ],0.0029,[-0.8103 0.8103 ],1.1460,0.0025,128.0000,0.0100
321,-87.0360,[4.7798 -4.8191 ],[0.0020 -0.0020 ],0.0028,[-0.8022 0.8022 ],1.1345,0.0025,128.0000,0.0100
322,-87.0392,[4.7818 -4.8211 ],[0.0020 -0.0020 ],0.0028,[-0.7942 0.7942 ],1.1232,0.0025,128.0000,0.0100
323,-87.0423,[4.7838 -4.8231 ],[0.0020 -0.0020 ],0.0028,[-0.7863 0.7863 ],1.1119,0.0025,128.0000,0.0100
324,-87.0454,[4.7857 -4.8251 ],[0.0019 -0.0019 ],0.0028,[-0.7784 0.7784 ],1.1008,0.0025,128.0000,0.0100
325,-87.0484,[4.7877 -4.8270 ],[0.0019 -0.0019 ],0.0027,[-0.7706 0.7706 ],1.0898,0.0025,128.0000,0.0100
326,-87.0513,[4.7896 -4.8290 ],[0.0019 -0.0019 ],0.0027,[-0.7629 0.7629 ],1.0789,0.0025,128.0000,0.0100
327,-87.0542,[4.7915 -4.8309 ],[0.0019 -0.0019 ],0.0027,[-0.7553 0.7553 ],1.0681,0.0025,128.0000,0.0100
328,-87.0571,[4.7934 -4.8328 ],[0.0019 -0.0019 ],0.0026,[-0.7477 0.7477 ],1.0574,0.0025,128.0000,0.0100
329,-87.0599,[4.7953 -4.8346 ],[0.0019 -0.0019 ],0.0026,[-0.7402 0.7402 ],1.0469,0.0025,128.0000,0.0100
330,-87.0626,[4.7971 -4.8365 ],[0.0018 -0.0018 ],0.0026,[-0.7328 0.7328 ],1.0364,0.0025,128.0000,0.0100
331,-87.0653,[4.7989 -4.8383 ],[0.0018 -0.0018 ],0.0026,[-0.7255 0.7255 ],1.0260,0.0025,128.0000,0.0100
332,-87.0679,[4.8008 -4.8401 ],[0.0018 -0.0018 ],0.0025,[-0.7183 0.7183 ],1.0158,0.0025,128.0000,0.0100
333,-87.0704,[4.8025 -4.8419 ],[0.0018 -0.0018 ],0.0025,[-0.7111 0.7111 ],1.0056,0.0025,128.0000,0.0100
334,-87.0730,[4.8043 -4.8437 ],[0.0018 -0.0018 ],0.0025,[-0.7040 0.7040 ],0.9956,0.0025,128.0000,0.0100
335,-87.0754,[4.8061 -4.8455 ],[0.0017 -0.0017 ],0.0025,[-0.6969 0.6969 ],0.9856,0.0025,128.0000,0.0100
336,-87.0778,[4.8078 -4.8472 ],[0.0017 -0.0017 ],0.0024,[-0.6900 0.6900 ],0.9757,0.0025,128.0000,0.0100
337,-87.0802,[4.8096 -4.8489 ],[0.0017 -0.0017 ],0.0024,[-0.6831 0.6831 ],0.9660,0.0025,128.0000,0.0100
338,-87.0825,[4.8113 -4.8506 ],[0.0017 -0.0017 ],0.0024,[-0.6762 0.6762 ],0.9563,0.0025,128.0000,0.0100
339,-87.0848,[4.8129 -4.8523 ],[0.0017 -0.0017 ],0.0024,[-0.6695 0.6695 ],0.9468,0.0025,128.0000,0.0100
340,-87.0870,[4.8146 -4.8540 ],[0.0017 -0.0017 ],0.0023,[-0.6628 0.6628 ],0.9373,0.0025,128.0000,0.0100
341,-87.0892,[4.8163 -4.8557 ],[0.0016 -0.0016 ],0.0023,[-0.6561 0.6561 ],0.9279,0.0025,128.0000,0.0100
342,-87.0914,[4.8179 -4.8573 ],[0.0016 -0.0016 ],0.0023,[-0.6496 0.6496 ],0.9186,0.0025,128.0000,0.0100
343,-87.0935,[4.8195 -4.8589 ],[0.0016 -0.0016 ],0.0023,[-0.6431 0.6431 ],0.9095,0.0025,128.0000,0.0100
344,-87.0955,[4.8212 -4.8605 ],[0.0016 -0.0016 ],0.0023,[-0.6367 0.6367 ],0.9004,0.0025,128.0000,0.0100
345,-87.0975,[4.8227 -4.8621 ],[0.0016 -0.0016 ],0.0022,[-0.6303 0.6303 ],0.8914,0.0025,128.0000,0.0100
346,-87.0995,[4.8243 -4.8637 ],[0.0016 -0.0016 ],0.0022,[-0.6240 0.6240 ],0.8824,0.0025,128.0000,0.0100
347,-87.1014,[4.8259 -4.8652 ],[0.0015 -0.0015 ],0.0022,[-0.6177 0.6177 ],0.8736,0.0025,128.0000,0.0100
348,-87.1033,[4.8274 -4.8668 ],[0.0015 -0.0015 ],0.0022,[-0.6116 0.6116 ],0.8649,0.0025,128.0000,0.0100
349,-87.1052,[4.8290 -4.8683 ],[0.0015 -0.0015 ],0.0021,[-0.6054 0.6054 ],0.8562,0.0025,128.0000,0.0100
350,-87.1070,[4.8305 -4.8698 ],[0.0015 -0.0015 ],0.0021,[-0.5994 0.5994 ],0.8477,0.0025,128.0000,0.0100
351,-87.1088,[4.8320 -4.8713 ],[0.0015 -0.0015 ],0.0021,[-0.5934 0.5934 ],0.8392,0.0025,128.0000,0.0100
352,-87.1106,[4.8334 -4.8728 ],[0.0015 -0.0015 ],0.0021,[-0.5875 0.5875 ],0.8308,0.0025,128.0000,0.0100
353,-87.1123,[4.8349 -4.8743 ],[0.0015 -0.0015 ],0.0021,[-0.5816 0.5816 ],0.8225,0.0025,128.0000,0.0100
354,-87.1140,[4.8364 -4.8757 ],[0.0014 -0.0014 ],0.0020,[-0.5758 0.5758 ],0.8143,0.0025,128.0000,0.0100
355,-87.1156,[4.8378 -4.8772 ],[0.0014 -0.0014 ],0.0020,[-0.5700 0.5700 ],0.8061,0.0025,128.0000,0.0100
356,-87.1172,[4.8392 -4.8786 ],[0.0014 -0.0014 ],0.0020,[-0.5643 0.5643 ],0.7981,0.0025,128.0000,0.0100
357,-87.1188,[4.8406 -4.8800 ],[0.0014 -0.0014 ],0.0020,[-0.5587 0.5587 ],0.7901,0.0025,128.0000,0.0100
358,-87.1204,[4.8420 -4.8814 ],[0.0014 -0.0014 ],0.0020,[-0.5531 0.5531 ],0.7822,0.0025,128.0000,0.0100
359,-87.1219,[4.8434 -4.8828 ],[0.0014 -0.0014 ],0.0019,[-0.5476 0.5476 ],0.7744,0.0025,128.0000,0.0100
360,-87.1234,[4.8448 -4.8842 ],[0.0014 -0.0014 ],0.0019,[-0.5421 0.5421 ],0.7666,0.0025,128.0000,0.0100
361,-87.1248,[4.8461 -4.8855 ],[0.0013 -0.0013 ],0.0019,[-0.5367 0.5367 ],0.7590,0.0025,128.0000,0.0100
362,-87.1263,[4.8475 -4.8869 ],[0.0013 -0.0013 ],0.0019,[-0.5313 0.5313 ],0.7514,0.0025,128.0000,0.0100
363,-87.1277,[4.8488 -4.8882 ],[0.0013 -0.0013 ],0.0019,[-0.5260 0.5260 ],0.7439,0.0025,128.0000,0.0100
364,-87.1291,[4.8501 -4.8895 ],[0.0013 -0.0013 ],0.0018,[-0.5207 0.5207 ],0.7364,0.0025,128.0000,0.0100
365,-87.1304,[4.8514 -4.8908 ],[0.0013 -0.0013 ],0.0018,[-0.5155 0.5155 ],0.7290,0.0025,128.0000,0.0100
366,-87.1317,[4.8527 -4.8921 ],[0.0013 -0.0013 ],0.0018,[-0.5104 0.5104 ],0.7218,0.0025,128.0000,0.0100
367,-87.1330,[4.8540 -4.8934 ],[0.0013 -0.0013 ],0.0018,[-0.5053 0.5053 ],0.7145,0.0025,128.0000,0.0100
368,-87.1343,[4.8553 -4.8946 ],[0.0013 -0.0013 ],0.0018,[-0.5002 0.5002 ],0.7074,0.0025,128.0000,0.0100
369,-87.1355,[4.8565 -4.8959 ],[0.0012 -0.0012 ],0.0018,[-0.4952 0.4952 ],0.7003,0.0025,128.0000,0.0100
370,-87.1368,[4.8578 -4.8971 ],[0.0012 -0.0012 ],0.0017,[-0.4902 0.4902 ],0.6933,0.0025,128.0000,0.0100
371,-87.1380,[4.8590 -4.8983 ],[0.0012 -0.0012 ],0.0017,[-0.4853 0.4853 ],0.6864,0.0025,128.0000,0.0100
372,-87.1391,[4.8602 -4.8996 ],[0.0012 -0.0012 ],0.0017,[-0.4805 0.4805 ],0.6795,0.0025,128.0000,0.0100
373,-87.1403,[4.8614 -4.9008 ],[0.0012 -0.0012 ],0.0017,[-0.4757 0.4757 ],0.6727,0.0025,128.0000,0.0100
374,-87.1414,[4.8626 -4.9020 ],[0.0012 -0.0012 ],0.0017,[-0.4709 0.4709 ],0.6660,0.0025,128.0000,0.0100
375,-87.1425,[4.8638 -4.9031 ],[0.0012 -0.0012 ],0.0016,[-0.4662 0.4662 ],0.6593,0.0025,128.0000,0.0100
376,-87.1436,[4.8649 -4.9043 ],[0.0012 -0.0012 ],0.0016,[-0.4616 0.4616 ],0.6527,0.0025,128.0000,0.0100
377,-87.1447,[4.8661 -4.9054 ],[0.0011 -0.0011 ],0.0016,[-0.4569 0.4569 ],0.6462,0.0025,128.0000,0.0100
378,-87.1457,[4.8672 -4.9066 ],[0.0011 -0.0011 ],0.0016,[-0.4524 0.4524 ],0.6398,0.0025,128.0000,0.0100
379,-87.1467,[4.8684 -4.9077 ],[0.0011 -0.0011 ],0.0016,[-0.4479 0.4479 ],0.6334,0.0025,128.0000,0.0100
380,-87.1477,[4.8695 -4.9088 ],[0.0011 -0.0011 ],0.0016,[-0.4434 0.4434 ],0.6270,0.0025,128.0000,0.0100
381,-87.1487,[4.8706 -4.9100 ],[0.0011 -0.0011 ],0.0016,[-0.4389 0.4389 ],0.6208,0.0025,128.0000,0.0100
382,-87.1496,[4.8717 -4.9110 ],[0.0011 -0.0011 ],0.0015,[-0.4345 0.4345 ],0.6145,0.0025,128.0000,0.0100
383,-87.1506,[4.8728 -4.9121 ],[0.0011 -0.0011 ],0.0015,[-0.4302 0.4302 ],0.6084,0.0025,128.0000,0.0100
384,-87.1515,[4.8738 -4.9132 ],[0.0011 -0.0011 ],0.0015,[-0.4259 0.4259 ],0.6023,0.0025,128.0000,0.0100
385,-87.1524,[4.8749 -4.9143 ],[0.0011 -0.0011 ],0.0015,[-0.4216 0.4216 ],0.5963,0.0025,128.0000,0.0100
386,-87.1533,[4.8760 -4.9153 ],[0.0010 -0.0010 ],0.0015,[-0.4174 0.4174 ],0.5903,0.0025,128.0000,0.0100
387,-87.1542,[4.8770 -4.9164 ],[0.0010 -0.0010 ],0.0015,[-0.4133 0.4133 ],0.5844,0.0025,128.0000,0.0100
388,-87.1550,[4.8780 -4.9174 ],[0.0010 -0.0010 ],0.0014,[-0.4091 0.4091 ],0.5786,0.0025,128.0000,0.0100
389,-87.1558,[4.8791 -4.9184 ],[0.0010 -0.0010 ],0.0014,[-0.4050 0.4050 ],0.5728,0.0025,128.0000,0.0100
390,-87.1567,[4.8801 -4.9194 ],[0.0010 -0.0010 ],0.0014,[-0.4010 0.4010 ],0.5671,0.0025,128.0000,0.0100
391,-87.1575,[4.8811 -4.9204 ],[0.0010 -0.0010 ],0.0014,[-0.3970 0.3970 ],0.5614,0.0025,128.0000,0.0100
392,-87.1582,[4.8821 -4.9214 ],[0.0010 -0.0010 ],0.0014,[-0.3930 0.3930 ],0.5558,0.0025,128.0000,0.0100
393,-87.1590,[4.8830 -4.9224 ],[0.0010 -0.0010 ],0.0014,[-0.3891 0.3891 ],0.5502,0.0025,128.0000,0.0100
394,-87.1598,[4.8840 -4.9234 ],[0.0010 -0.0010 ],0.0014,[-0.3852 0.3852 ],0.5447,0.0025,128.0000,0.0100
395,-87.1605,[4.8850 -4.9244 ],[0.0010 -0.0010 ],0.0013,[-0.3813 0.3813 ],0.5393,0.0025,128.0000,0.0100
396,-87.1612,[4.8859 -4.9253 ],[0.0009 -0.0009 ],0.0013,[-0.3775 0.3775 ],0.5339,0.0025,128.0000,0.0100
397,-87.1619,[4.8869 -4.9263 ],[0.0009 -0.0009 ],0.0013,[-0.3737 0.3737 ],0.5285,0.0025,128.0000,0.0100
398,-87.1626,[4.8878 -4.9272 ],[0.0009 -0.0009 ],0.0013,[-0.3700 0.3700 ],0.5233,0.0025,128.0000,0.0100
399,-87.1633,[4.8887 -4.9281 ],[0.0009 -0.0009 ],0.0013,[-0.3663 0.3663 ],0.5180,0.0025,128.0000,0.0100
400,-87.1640,[4.8897 -4.9290 ],[0.0009 -0.0009 ],0.0013,[-0.3626 0.3626 ],0.5128,0.0025,128.0000,0.0100
401,-87.1646,[4.8906 -4.9299 ],[0.0009 -0.0009 ],0.0013,[-0.3590 0.3590 ],0.5077,0.0025,128.0000,0.0100
402,-87.1653,[4.8915 -4.9308 ],[0.0009 -0.0009 ],0.0013,[-0.3554 0.3554 ],0.5026,0.0025,128.0000,0.0100
403,-87.1659,[4.8923 -4.9317 ],[0.0009 -0.0009 ],0.0012,[-0.3519 0.3519 ],0.4976,0.0025,128.0000,0.0100
404,-87.1665,[4.8932 -4.9326 ],[0.0009 -0.0009 ],0.0012,[-0.3483 0.3483 ],0.4926,0.0025,128.0000,0.0100
405,-87.1671,[4.8941 -4.9335 ],[0.0009 -0.0009 ],0.0012,[-0.3449 0.3449 ],0.4877,0.0025,128.0000,0.0100
406,-87.1677,[4.8950 -4.9343 ],[0.0009 -0.0009 ],0.0012,[-0.3414 0.3414 ],0.4828,0.0025,128.0000,0.0100
407,-87.1683,[4.8958 -4.9352 ],[0.0008 -0.0008 ],0.0012,[-0.3380 0.3380 ],0.4780,0.0025,128.0000,0.0100
408,-87.1689,[4.8967 -4.9360 ],[0.0008 -0.0008 ],0.0012,[-0.3346 0.3346 ],0.4732,0.0025,128.0000,0.0100
409,-87.1694,[4.8975 -4.9369 ],[0.0008 -0.0008 ],0.0012,[-0.3313 0.3313 ],0.4685,0.0025,128.0000,0.0100
410,-87.1700,[4.8983 -4.9377 ],[0.0008 -0.0008 ],0.0012,[-0.3280 0.3280 ],0.4638,0.0025,128.0000,0.0100
411,-87.1705,[4.8991 -4.9385 ],[0.0008 -0.0008 ],0.0011,[-0.3247 0.3247 ],0.4592,0.0025,128.0000,0.0100
412,-87.1710,[4.9000 -4.9393 ],[0.0008 -0.0008 ],0.0011,[-0.3214 0.3214 ],0.4546,0.0025,128.0000,0.0100
413,-87.1715,[4.9008 -4.9401 ],[0.0008 -0.0008 ],0.0011,[-0.3182 0.3182 ],0.4500,0.0025,128.0000,0.0100
414,-87.1720,[4.9016 -4.9409 ],[0.0008 -0.0008 ],0.0011,[-0.3150 0.3150 ],0.4455,0.0025,128.0000,0.0100
415,-87.1725,[4.9023 -4.9417 ],[0.0008 -0.0008 ],0.0011,[-0.3119 0.3119 ],0.4411,0.0025,128.0000,0.0100
416,-87.1730,[4.9031 -4.9425 ],[0.0008 -0.0008 ],0.0011,[-0.3088 0.3088 ],0.4367,0.0025,128.0000,0.0100
417,-87.1735,[4.9039 -4.9433 ],[0.0008 -0.0008 ],0.0011,[-0.3057 0.3057 ],0.4323,0.0025,128.0000,0.0100
418,-87.1740,[4.9047 -4.9440 ],[0.0008 -0.0008 ],0.0011,[-0.3026 0.3026 ],0.4280,0.0025,128.0000,0.0100
419,-87.1744,[4.9054 -4.9448 ],[0.0007 -0.0007 ],0.0011,[-0.2996 0.2996 ],0.4237,0.0025,128.0000,0.0100
420,-87.1749,[4.9062 -4.9455 ],[0.0007 -0.0007 ],0.0010,[-0.2966 0.2966 ],0.4195,0.0025,128.0000,0.0100
421,-87.1753,[4.9069 -4.9463 ],[0.0007 -0.0007 ],0.0010,[-0.2936 0.2936 ],0.4153,0.0025,128.0000,0.0100
422,-87.1757,[4.9076 -4.9470 ],[0.0007 -0.0007 ],0.0010,[-0.2907 0.2907 ],0.4111,0.0025,128.0000,0.0100
423,-87.1761,[4.9084 -4.9477 ],[0.0007 -0.0007 ],0.0010,[-0.2878 0.2878 ],0.4070,0.0025,128.0000,0.0100
424,-87.1766,[4.9091 -4.9485 ],[0.0007 -0.0007 ],0.0010,[-0.2849 0.2849 ],0.4029,0.0025,128.0000,0.0100
425,-87.1770,[4.9098 -4.9492 ],[0.0007 -0.0007 ],0.0010,[-0.2821 0.2821 ],0.3989,0.0025,128.0000,0.0100
426,-87.1774,[4.9105 -4.9499 ],[0.0007 -0.0007 ],0.0010,[-0.2792 0.2792 ],0.3949,0.0025,128.0000,0.0100
427,-87.1777,[4.9112 -4.9506 ],[0.0007 -0.0007 ],0.0010,[-0.2765 0.2765 ],0.3910,0.0025,128.0000,0.0100
428,-87.1781,[4.9119 -4.9513 ],[0.0007 -0.0007 ],0.0010,[-0.2737 0.2737 ],0.3871,0.0025,128.0000,0.0100
429,-87.1785,[4.9126 -4.9519 ],[0.0007 -0.0007 ],0.0010,[-0.2710 0.2710 ],0.3832,0.0025,128.0000,0.0100
430,-87.1789,[4.9133 -4.9526 ],[0.0007 -0.0007 ],0.0009,[-0.2682 0.2682 ],0.3794,0.0025,128.0000,0.0100
431,-87.1792,[4.9139 -4.9533 ],[0.0007 -0.0007 ],0.0009,[-0.2656 0.2656 ],0.3756,0.0025,128.0000,0.0100
432,-87.1796,[4.9146 -4.9540 ],[0.0007 -0.0007 ],0.0009,[-0.2629 0.2629 ],0.3718,0.0025,128.0000,0.0100
433,-87.1799,[4.9152 -4.9546 ],[0.0007 -0.0007 ],0.0009,[-0.2603 0.2603 ],0.3681,0.0025,128.0000,0.0100
434,-87.1803,[4.9159 -4.9553 ],[0.0006 -0.0006 ],0.0009,[-0.2577 0.2577 ],0.3644,0.0025,128.0000,0.0100
435,-87.1806,[4.9165 -4.9559 ],[0.0006 -0.0006 ],0.0009,[-0.2551 0.2551 ],0.3608,0.0025,128.0000,0.0100
436,-87.1809,[4.9172 -4.9565 ],[0.0006 -0.0006 ],0.0009,[-0.2525 0.2525 ],0.3572,0.0025,128.0000,0.0100
437,-87.1812,[4.9178 -4.9572 ],[0.0006 -0.0006 ],0.0009,[-0.2500 0.2500 ],0.3536,0.0025,128.0000,0.0100
438,-87.1815,[4.9184 -4.9578 ],[0.0006 -0.0006 ],0.0009,[-0.2475 0.2475 ],0.3500,0.0025,128.0000,0.0100
439,-87.1818,[4.9191 -4.9584 ],[0.0006 -0.0006 ],0.0009,[-0.2450 0.2450 ],0.3465,0.0025,128.0000,0.0100
440,-87.1821,[4.9197 -4.9590 ],[0.0006 -0.0006 ],0.0009,[-0.2426 0.2426 ],0.3431,0.0025,128.0000,0.0100
441,-87.1824,[4.9203 -4.9596 ],[0.0006 -0.0006 ],0.0008,[-0.2402 0.2402 ],0.3396,0.0025,128.0000,0.0100
442,-87.1827,[4.9209 -4.9602 ],[0.0006 -0.0006 ],0.0008,[-0.2378 0.2378 ],0.3363,0.0025,128.0000,0.0100
443,-87.1830,[4.9215 -4.9608 ],[0.0006 -0.0006 ],0.0008,[-0.2354 0.2354 ],0.3329,0.0025,128.0000,0.0100
444,-87.1833,[4.9221 -4.9614 ],[0.0006 -0.0006 ],0.0008,[-0.2330 0.2330 ],0.3296,0.0025,128.0000,0.0100
445,-87.1835,[4.9226 -4.9620 ],[0.0006 -0.0006 ],0.0008,[-0.2307 0.2307 ],0.3263,0.0025,128.0000,0.0100
446,-87.1838,[4.9232 -4.9626 ],[0.0006 -0.0006 ],0.0008,[-0.2284 0.2284 ],0.3230,0.0025,128.0000,0.0100
447,-87.1841,[4.9238 -4.9632 ],[0.0006 -0.0006 ],0.0008,[-0.2261 0.2261 ],0.3198,0.0025,128.0000,0.0100
448,-87.1843,[4.9244 -4.9637 ],[0.0006 -0.0006 ],0.0008,[-0.2239 0.2239 ],0.3166,0.0025,128.0000,0.0100
449,-87.1846,[4.9249 -4.9643 ],[0.0006 -0.0006 ],0.0008,[-0.2216 0.2216 ],0.3134,0.0025,128.0000,0.0100
450,-87.1848,[4.9255 -4.9648 ],[0.0005 -0.0005 ],0.0008,[-0.2194 0.2194 ],0.3103,0.0025,128.0000,0.0100
451,-87.1851,[4.9260 -4.9654 ],[0.0005 -0.0005 ],0.0008,[-0.2172 0.2172 ],0.3072,0.0025,128.0000,0.0100
452,-87.1853,[4.9266 -4.9659 ],[0.0005 -0.0005 ],0.0008,[-0.2150 0.2150 ],0.3041,0.0025,128.0000,0.0100
453,-87.1855,[4.9271 -4.9665 ],[0.0005 -0.0005 ],0.0008,[-0.2129 0.2129 ],0.3011,0.0025,128.0000,0.0100
454,-87.1857,[4.9276 -4.9670 ],[0.0005 -0.0005 ],0.0007,[-0.2108 0.2108 ],0.2980,0.0025,128.0000,0.0100
455,-87.1860,[4.9282 -4.9675 ],[0.0005 -0.0005 ],0.0007,[-0.2086 0.2086 ],0.2951,0.0025,128.0000,0.0100
456,-87.1862,[4.9287 -4.9680 ],[0.0005 -0.0005 ],0.0007,[-0.2066 0.2066 ],0.2921,0.0025,128.0000,0.0100
457,-87.1864,[4.9292 -4.9686 ],[0.0005 -0.0005 ],0.0007,[-0.2045 0.2045 ],0.2892,0.0025,128.0000,0.0100
458,-87.1866,[4.9297 -4.9691 ],[0.0005 -0.0005 ],0.0007,[-0.2024 0.2024 ],0.2863,0.0025,128.0000,0.0100
459,-87.1868,[4.9302 -4.9696 ],[0.0005 -0.0005 ],0.0007,[-0.2004 0.2004 ],0.2834,0.0025,128.0000,0.0100
460,-87.1870,[4.9307 -4.9701 ],[0.0005 -0.0005 ],0.0007,[-0.1984 0.1984 ],0.2806,0.0025,128.0000,0.0100
461,-87.1872,[4.9312 -4.9706 ],[0.0005 -0.0005 ],0.0007,[-0.1964 0.1964 ],0.2778,0.0025,128.0000,0.0100
462,-87.1874,[4.9317 -4.9711 ],[0.0005 -0.0005 ],0.0007,[-0.1945 0.1945 ],0.2750,0.0025,128.0000,0.0100
463,-87.1876,[4.9322 -4.9716 ],[0.0005 -0.0005 ],0.0007,[-0.1925 0.1925 ],0.2723,0.0025,128.0000,0.0100
464,-87.1878,[4.9327 -4.9720 ],[0.0005 -0.0005 ],0.0007,[-0.1906 0.1906 ],0.2696,0.0025,128.0000,0.0100
465,-87.1879,[4.9331 -4.9725 ],[0.0005 -0.0005 ],0.0007,[-0.1887 0.1887 ],0.2669,0.0025,128.0000,0.0100
466,-87.1881,[4.9336 -4.9730 ],[0.0005 -0.0005 ],0.0007,[-0.1868 0.1868 ],0.2642,0.0025,128.0000,0.0100
467,-87.1883,[4.9341 -4.9735 ],[0.0005 -0.0005 ],0.0007,[-0.1849 0.1849 ],0.2615,0.0025,128.0000,0.0100
468,-87.1885,[4.9345 -4.9739 ],[0.0005 -0.0005 ],0.0006,[-0.1831 0.1831 ],0.2589,0.0025,128.0000,0.0100
469,-87.1886,[4.9350 -4.9744 ],[0.0005 -0.0005 ],0.0006,[-0.1813 0.1813 ],0.2563,0.0025,128.0000,0.0100
470,-87.1888,[4.9355 -4.9748 ],[0.0004 -0.0004 ],0.0006,[-0.1794 0.1794 ],0.2538,0.0025,128.0000,0.0100
471,-87.1890,[4.9359 -4.9753 ],[0.0004 -0.0004 ],0.0006,[-0.1777 0.1777 ],0.2512,0.0025,128.0000,0.0100
472,-87.1891,[4.9363 -4.9757 ],[0.0004 -0.0004 ],0.0006,[-0.1759 0.1759 ],0.2487,0.0025,128.0000,0.0100
473,-87.1893,[4.9368 -4.9762 ],[0.0004 -0.0004 ],0.0006,[-0.1741 0.1741 ],0.2462,0.0025,128.0000,0.0100
474,-87.1894,[4.9372 -4.9766 ],[0.0004 -0.0004 ],0.0006,[-0.1724 0.1724 ],0.2438,0.0025,128.0000,0.0100
475,-87.1896,[4.9377 -4.9770 ],[0.0004 -0.0004 ],0.0006,[-0.1707 0.1707 ],0.2413,0.0025,128.0000,0.0100
476,-87.1897,[4.9381 -4.9774 ],[0.0004 -0.0004 ],0.0006,[-0.1689 0.1689 ],0.2389,0.0025,128.0000,0.0100
477,-87.1899,[4.9385 -4.9779 ],[0.0004 -0.0004 ],0.0006,[-0.1673 0.1673 ],0.2365,0.0025,128.0000,0.0100
478,-87.1900,[4.9389 -4.9783 ],[0.0004 -0.0004 ],0.0006,[-0.1656 0.1656 ],0.2342,0.0025,128.0000,0.0100
479,-87.1901,[4.9393 -4.9787 ],[0.0004 -0.0004 ],0.0006,[-0.1639 0.1639 ],0.2318,0.0025,128.0000,0.0100
480,-87.1903,[4.9397 -4.9791 ],[0.0004 -0.0004 ],0.0006,[-0.1623 0.1623 ],0.2295,0.0025,128.0000,0.0100
481,-87.1904,[4.9401 -4.9795 ],[0.0004 -0.0004 ],0.0006,[-0.1607 0.1607 ],0.2272,0.0025,128.0000,0.0100
482,-87.1905,[4.9406 -4.9799 ],[0.0004 -0.0004 ],0.0006,[-0.1591 0.1591 ],0.2249,0.0025,128.0000,0.0100
483,-87.1907,[4.9409 -4.9803 ],[0.0004 -0.0004 ],0.0006,[-0.1575 0.1575 ],0.2227,0.0025,128.0000,0.0100
484,-87.1908,[4.9413 -4.9807 ],[0.0004 -0.0004 ],0.0006,[-0.1559 0.1559 ],0.2205,0.0025,128.0000,0.0100
485,-87.1909,[4.9417 -4.9811 ],[0.0004 -0.0004 ],0.0005,[-0.1543 0.1543 ],0.2183,0.0025,128.0000,0.0100
486,-87.1910,[4.9421 -4.9815 ],[0.0004 -0.0004 ],0.0005,[-0.1528 0.1528 ],0.2161,0.0025,128.0000,0.0100
487,-87.1911,[4.9425 -4.9819 ],[0.0004 -0.0004 ],0.0005,[-0.1513 0.1513 ],0.2139,0.0025,128.0000,0.0100
488,-87.1912,[4.9429 -4.9822 ],[0.0004 -0.0004 ],0.0005,[-0.1498 0.1498 ],0.2118,0.0025,128.0000,0.0100
489,-87.1914,[4.9433 -4.9826 ],[0.0004 -0.0004 ],0.0005,[-0.1483 0.1483 ],0.2097,0.0025,128.0000,0.0100
490,-87.1915,[4.9436 -4.9830 ],[0.0004 -0.0004 ],0.0005,[-0.1468 0.1468 ],0.2076,0.0025,128.0000,0.0100
491,-87.1916,[4.9440 -4.9834 ],[0.0004 -0.0004 ],0.0005,[-0.1453 0.1453 ],0.2055,0.0025,128.0000,0.0100
492,-87.1917,[4.9444 -4.9837 ],[0.0004 -0.0004 ],0.0005,[-0.1439 0.1439 ],0.2034,0.0025,128.0000,0.0100
493,-87.1918,[4.9447 -4.9841 ],[0.0004 -0.0004 ],0.0005,[-0.1424 0.1424 ],0.2014,0.0025,128.0000,0.0100
494,-87.1919,[4.9451 -4.9844 ],[0.0004 -0.0004 ],0.0005,[-0.1410 0.1410 ],0.1994,0.0025,128.0000,0.0100
495,-87.1920,[4.9454 -4.9848 ],[0.0003 -0.0003 ],0.0005,[-0.1396 0.1396 ],0.1974,0.0025,128.0000,0.0100
496,-87.1921,[4.9458 -4.9851 ],[0.0003 -0.0003 ],0.0005,[-0.1382 0.1382 ],0.1954,0.0025,128.0000,0.0100
497,-87.1922,[4.9461 -4.9855 ],[0.0003 -0.0003 ],0.0005,[-0.1368 0.1368 ],0.1935,0.0025,128.0000,0.0100
498,-87.1923,[4.9465 -4.9858 ],[0.0003 -0.0003 ],0.0005,[-0.1354 0.1354 ],0.1915,0.0025,128.0000,0.0100
499,-87.1924,[4.9468 -4.9862 ],[0.0003 -0.0003 ],0.0005,[-0.1341 0.1341 ],0.1896,0.0025,128.0000,0.0100
500,-87.1924,[4.9471 -4.9865 ],[0.0003 -0.0003 ],0.0005,[-0.1327 0.1327 ],0.1877,0.0025,128.0000,0.0100
501,-87.1925,[4.9475 -4.9868 ],[0.0003 -0.0003 ],0.0005,[-0.1314 0.1314 ],0.1858,0.0025,128.0000,0.0100
502,-87.1926,[4.9478 -4.9872 ],[0.0003 -0.0003 ],0.0005,[-0.1301 0.1301 ],0.1840,0.0025,128.0000,0.0100
503,-87.1927,[4.9481 -4.9875 ],[0.0003 -0.0003 ],0.0005,[-0.1288 0.1288 ],0.1821,0.0025,128.0000,0.0100
504,-87.1928,[4.9484 -4.9878 ],[0.0003 -0.0003 ],0.0005,[-0.1275 0.1275 ],0.1803,0.0025,128.0000,0.0100
505,-87.1929,[4.9488 -4.9881 ],[0.0003 -0.0003 ],0.0004,[-0.1262 0.1262 ],0.1785,0.0025,128.0000,0.0100
506,-87.1929,[4.9491 -4.9884 ],[0.0003 -0.0003 ],0.0004,[-0.1250 0.1250 ],0.1767,0.0025,128.0000,0.0100
507,-87.1930,[4.9494 -4.9888 ],[0.0003 -0.0003 ],0.0004,[-0.1237 0.1237 ],0.1750,0.0025,128.0000,0.0100
508,-87.1931,[4.9497 -4.9891 ],[0.0003 -0.0003 ],0.0004,[-0.1225 0.1225 ],0.1732,0.0025,128.0000,0.0100
509,-87.1932,[4.9500 -4.9894 ],[0.0003 -0.0003 ],0.0004,[-0.1213 0.1213 ],0.1715,0.0025,128.0000,0.0100
510,-87.1932,[4.9503 -4.9897 ],[0.0003 -0.0003 ],0.0004,[-0.1200 0.1200 ],0.1698,0.0025,128.0000,0.0100
511,-87.1933,[4.9506 -4.9900 ],[0.0003 -0.0003 ],0.0004,[-0.1188 0.1188 ],0.1681,0.0025,128.0000,0.0100
512,-87.1934,[4.9509 -4.9903 ],[0.0003 -0.0003 ],0.0004,[-0.1177 0.1177 ],0.1664,0.0025,128.0000,0.0100
513,-87.1935,[4.9512 -4.9906 ],[0.0003 -0.0003 ],0.0004,[-0.1165 0.1165 ],0.1647,0.0025,128.0000,0.0100
514,-87.1935,[4.9515 -4.9909 ],[0.0003 -0.0003 ],0.0004,[-0.1153 0.1153 ],0.1631,0.0025,128.0000,0.0100
515,-87.1936,[4.9518 -4.9911 ],[0.0003 -0.0003 ],0.0004,[-0.1142 0.1142 ],0.1614,0.0025,128.0000,0.0100
516,-87.1937,[4.9521 -4.9914 ],[0.0003 -0.0003 ],0.0004,[-0.1130 0.1130 ],0.1598,0.0025,128.0000,0.0100
517,-87.1937,[4.9523 -4.9917 ],[0.0003 -0.0003 ],0.0004,[-0.1119 0.1119 ],0.1582,0.0025,128.0000,0.0100
518,-87.1938,[4.9526 -4.9920 ],[0.0003 -0.0003 ],0.0004,[-0.1108 0.1108 ],0.1567,0.0025,128.0000,0.0100
519,-87.1938,[4.9529 -4.9923 ],[0.0003 -0.0003 ],0.0004,[-0.1097 0.1097 ],0.1551,0.0025,128.0000,0.0100
520,-87.1939,[4.9532 -4.9925 ],[0.0003 -0.0003 ],0.0004,[-0.1086 0.1086 ],0.1535,0.0025,128.0000,0.0100
521,-87.1940,[4.9534 -4.9928 ],[0.0003 -0.0003 ],0.0004,[-0.1075 0.1075 ],0.1520,0.0025,128.0000,0.0100
522,-87.1940,[4.9537 -4.9931 ],[0.0003 -0.0003 ],0.0004,[-0.1064 0.1064 ],0.1505,0.0025,128.0000,0.0100
523,-87.1941,[4.9540 -4.9933 ],[0.0003 -0.0003 ],0.0004,[-0.1053 0.1053 ],0.1490,0.0025,128.0000,0.0100
524,-87.1941,[4.9542 -4.9936 ],[0.0003 -0.0003 ],0.0004,[-0.1043 0.1043 ],0.1475,0.0025,128.0000,0.0100
525,-87.1942,[4.9545 -4.9939 ],[0.0003 -0.0003 ],0.0004,[-0.1032 0.1032 ],0.1460,0.0025,128.0000,0.0100
526,-87.1942,[4.9548 -4.9941 ],[0.0003 -0.0003 ],0.0004,[-0.1022 0.1022 ],0.1446,0.0025,128.0000,0.0100
527,-87.1943,[4.9550 -4.9944 ],[0.0003 -0.0003 ],0.0004,[-0.1012 0.1012 ],0.1431,0.0025,128.0000,0.0100
528,-87.1943,[4.9553 -4.9946 ],[0.0003 -0.0003 ],0.0004,[-0.1002 0.1002 ],0.1417,0.0025,128.0000,0.0100
529,-87.1944,[4.9555 -4.9949 ],[0.0002 -0.0002 ],0.0004,[-0.0992 0.0992 ],0.1403,0.0025,128.0000,0.0100
530,-87.1944,[4.9558 -4.9951 ],[0.0002 -0.0002 ],0.0003,[-0.0982 0.0982 ],0.1389,0.0025,128.0000,0.0100
531,-87.1945,[4.9560 -4.9954 ],[0.0002 -0.0002 ],0.0003,[-0.0972 0.0972 ],0.1375,0.0025,128.0000,0.0100
532,-87.1945,[4.9563 -4.9956 ],[0.0002 -0.0002 ],0.0003,[-0.0962 0.0962 ],0.1361,0.0025,128.0000,0.0100
533,-87.1946,[4.9565 -4.9959 ],[0.0002 -0.0002 ],0.0003,[-0.0953 0.0953 ],0.1347,0.0025,128.0000,0.0100
534,-87.1946,[4.9567 -4.9961 ],[0.0002 -0.0002 ],0.0003,[-0.0943 0.0943 ],0.1334,0.0025,128.0000,0.0100
535,-87.1947,[4.9570 -4.9963 ],[0.0002 -0.0002 ],0.0003,[-0.0934 0.0934 ],0.1321,0.0025,128.0000,0.0100
536,-87.1947,[4.9572 -4.9966 ],[0.0002 -0.0002 ],0.0003,[-0.0924 0.0924 ],0.1307,0.0025,128.0000,0.0100
537,-87.1948,[4.9574 -4.9968 ],[0.0002 -0.0002 ],0.0003,[-0.0915 0.0915 ],0.1294,0.0025,128.0000,0.0100
538,-87.1948,[4.9577 -4.9970 ],[0.0002 -0.0002 ],0.0003,[-0.0906 0.0906 ],0.1281,0.0025,128.0000,0.0100
539,-87.1948,[4.9579 -4.9973 ],[0.0002 -0.0002 ],0.0003,[-0.0897 0.0897 ],0.1268,0.0025,128.0000,0.0100
540,-87.1949,[4.9581 -4.9975 ],[0.0002 -0.0002 ],0.0003,[-0.0888 0.0888 ],0.1256,0.0025,128.0000,0.0100
541,-87.1949,[4.9583 -4.9977 ],[0.0002 -0.0002 ],0.0003,[-0.0879 0.0879 ],0.1243,0.0025,128.0000,0.0100
542,-87.1950,[4.9586 -4.9979 ],[0.0002 -0.0002 ],0.0003,[-0.0870 0.0870 ],0.1231,0.0025,128.0000,0.0100
543,-87.1950,[4.9588 -4.9981 ],[0.0002 -0.0002 ],0.0003,[-0.0862 0.0862 ],0.1218,0.0025,128.0000,0.0100
544,-87.1950,[4.9590 -4.9984 ],[0.0002 -0.0002 ],0.0003,[-0.0853 0.0853 ],0.1206,0.0025,128.0000,0.0100
545,-87.1951,[4.9592 -4.9986 ],[0.0002 -0.0002 ],0.0003,[-0.0844 0.0844 ],0.1194,0.0025,128.0000,0.0100
546,-87.1951,[4.9594 -4.9988 ],[0.0002 -0.0002 ],0.0003,[-0.0836 0.0836 ],0.1182,0.0025,128.0000,0.0100
547,-87.1951,[4.9596 -4.9990 ],[0.0002 -0.0002 ],0.0003,[-0.0828 0.0828 ],0.1170,0.0025,128.0000,0.0100
548,-87.1952,[4.9598 -4.9992 ],[0.0002 -0.0002 ],0.0003,[-0.0819 0.0819 ],0.1159,0.0025,128.0000,0.0100
549,-87.1952,[4.9600 -4.9994 ],[0.0002 -0.0002 ],0.0003,[-0.0811 0.0811 ],0.1147,0.0025,128.0000,0.0100
550,-87.1952,[4.9602 -4.9996 ],[0.0002 -0.0002 ],0.0003,[-0.0803 0.0803 ],0.1136,0.0025,128.0000,0.0100
551,-87.1953,[4.9604 -4.9998 ],[0.0002 -0.0002 ],0.0003,[-0.0795 0.0795 ],0.1124,0.0025,128.0000,0.0100
552,-87.1953,[4.9606 -5.0000 ],[0.0002 -0.0002 ],0.0003,[-0.0787 0.0787 ],0.1113,0.0025,128.0000,0.0100
553,-87.1953,[4.9608 -5.0002 ],[0.0002 -0.0002 ],0.0003,[-0.0779 0.0779 ],0.1102,0.0025,128.0000,0.0100
554,-87.1954,[4.9610 -5.0004 ],[0.0002 -0.0002 ],0.0003,[-0.0771 0.0771 ],0.1091,0.0025,128.0000,0.0100
555,-87.1954,[4.9612 -5.0006 ],[0.0002 -0.0002 ],0.0003,[-0.0764 0.0764 ],0.1080,0.0025,128.0000,0.0100
556,-87.1954,[4.9614 -5.0008 ],[0.0002 -0.0002 ],0.0003,[-0.0756 0.0756 ],0.1069,0.0025,128.0000,0.0100
557,-87.1954,[4.9616 -5.0010 ],[0.0002 -0.0002 ],0.0003,[-0.0749 0.0749 ],0.1059,0.0025,128.0000,0.0100
558,-87.1955,[4.9618 -5.0012 ],[0.0002 -0.0002 ],0.0003,[-0.0741 0.0741 ],0.1048,0.0025,128.0000,0.0100
559,-87.1955,[4.9620 -5.0013 ],[0.0002 -0.0002 ],0.0003,[-0.0734 0.0734 ],0.1037,0.0025,128.0000,0.0100
560,-87.1955,[4.9622 -5.0015 ],[0.0002 -0.0002 ],0.0003,[-0.0726 0.0726 ],0.1027,0.0025,128.0000,0.0100
561,-87.1956,[4.9623 -5.0017 ],[0.0002 -0.0002 ],0.0003,[-0.0719 0.0719 ],0.1017,0.0025,128.0000,0.0100
562,-87.1956,[4.9625 -5.0019 ],[0.0002 -0.0002 ],0.0003,[-0.0712 0.0712 ],0.1007,0.0025,128.0000,0.0100
563,-87.1956,[4.9627 -5.0021 ],[0.0002 -0.0002 ],0.0002,[-0.0705 0.0705 ],0.0997,0.0025,128.0000,0.0100
564,-87.1956,[4.9629 -5.0022 ],[0.0002 -0.0002 ],0.0002,[-0.0698 0.0698 ],0.0987,0.0025,128.0000,0.0100
565,-87.1957,[4.9630 -5.0024 ],[0.0002 -0.0002 ],0.0002,[-0.0691 0.0691 ],0.0977,0.0025,128.0000,0.0100
566,-87.1957,[4.9632 -5.0026 ],[0.0002 -0.0002 ],0.0002,[-0.0684 0.0684 ],0.0967,0.0025,128.0000,0.0100
567,-87.1957,[4.9634 -5.0028 ],[0.0002 -0.0002 ],0.0002,[-0.0677 0.0677 ],0.0957,0.0025,128.0000,0.0100
568,-87.1957,[4.9636 -5.0029 ],[0.0002 -0.0002 ],0.0002,[-0.0670 0.0670 ],0.0948,0.0025,128.0000,0.0100
569,-87.1957,[4.9637 -5.0031 ],[0.0002 -0.0002 ],0.0002,[-0.0663 0.0663 ],0.0938,0.0025,128.0000,0.0100
570,-87.1958,[4.9639 -5.0033 ],[0.0002 -0.0002 ],0.0002,[-0.0657 0.0657 ],0.0929,0.0025,128.0000,0.0100
571,-87.1958,[4.9641 -5.0034 ],[0.0002 -0.0002 ],0.0002,[-0.0650 0.0650 ],0.0920,0.0025,128.0000,0.0100
572,-87.1958,[4.9642 -5.0036 ],[0.0002 -0.0002 ],0.0002,[-0.0644 0.0644 ],0.0910,0.0025,128.0000,0.0100
573,-87.1958,[4.9644 -5.0038 ],[0.0002 -0.0002 ],0.0002,[-0.0637 0.0637 ],0.0901,0.0025,128.0000,0.0100
574,-87.1959,[4.9645 -5.0039 ],[0.0002 -0.0002 ],0.0002,[-0.0631 0.0631 ],0.0892,0.0025,128.0000,0.0100
575,-87.1959,[4.9647 -5.0041 ],[0.0002 -0.0002 ],0.0002,[-0.0625 0.0625 ],0.0883,0.0025,128.0000,0.0100
576,-87.1959,[4.9649 -5.0042 ],[0.0002 -0.0002 ],0.0002,[-0.0618 0.0618 ],0.0875,0.0025,128.0000,0.0100
577,-87.1959,[4.9650 -5.0044 ],[0.0002 -0.0002 ],0.0002,[-0.0612 0.0612 ],0.0866,0.0025,128.0000,0.0100
578,-87.1959,[4.9652 -5.0045 ],[0.0002 -0.0002 ],0.0002,[-0.0606 0.0606 ],0.0857,0.0025,128.0000,0.0100
579,-87.1960,[4.9653 -5.0047 ],[0.0002 -0.0002 ],0.0002,[-0.0600 0.0600 ],0.0849,0.0025,128.0000,0.0100
580,-87.1960,[4.9655 -5.0048 ],[0.0001 -0.0001 ],0.0002,[-0.0594 0.0594 ],0.0840,0.0025,128.0000,0.0100
581,-87.1960,[4.9656 -5.0050 ],[0.0001 -0.0001 ],0.0002,[-0.0588 0.0588 ],0.0832,0.0025,128.0000,0.0100
582,-87.1960,[4.9658 -5.0051 ],[0.0001 -0.0001 ],0.0002,[-0.0582 0.0582 ],0.0823,0.0025,128.0000,0.0100
583,-87.1960,[4.9659 -5.0053 ],[0.0001 -0.0001 ],0.0002,[-0.0576 0.0576 ],0.0815,0.0025,128.0000,0.0100
584,-87.1960,[4.9660 -5.0054 ],[0.0001 -0.0001 ],0.0002,[-0.0571 0.0571 ],0.0807,0.0025,128.0000,0.0100
585,-87.1961,[4.9662 -5.0056 ],[0.0001 -0.0001 ],0.0002,[-0.0565 0.0565 ],0.0799,0.0025,128.0000,0.0100
586,-87.1961,[4.9663 -5.0057 ],[0.0001 -0.0001 ],0.0002,[-0.0559 0.0559 ],0.0791,0.0025,128.0000,0.0100
587,-87.1961,[4.9665 -5.0058 ],[0.0001 -0.0001 ],0.0002,[-0.0554 0.0554 ],0.0783,0.0025,128.0000,0.0100
588,-87.1961,[4.9666 -5.0060 ],[0.0001 -0.0001 ],0.0002,[-0.0548 0.0548 ],0.0775,0.0025,128.0000,0.0100
589,-87.1961,[4.9667 -5.0061 ],[0.0001 -0.0001 ],0.0002,[-0.0543 0.0543 ],0.0767,0.0025,128.0000,0.0100
590,-87.1961,[4.9669 -5.0063 ],[0.0001 -0.0001 ],0.0002,[-0.0537 0.0537 ],0.0760,0.0025,128.0000,0.0100
591,-87.1961,[4.9670 -5.0064 ],[0.0001 -0.0001 ],0.0002,[-0.0532 0.0532 ],0.0752,0.0025,128.0000,0.0100
592,-87.1962,[4.9672 -5.0065 ],[0.0001 -0.0001 ],0.0002,[-0.0527 0.0527 ],0.0745,0.0025,128.0000,0.0100
593,-87.1962,[4.9673 -5.0067 ],[0.0001 -0.0001 ],0.0002,[-0.0521 0.0521 ],0.0737,0.0025,128.0000,0.0100
594,-87.1962,[4.9674 -5.0068 ],[0.0001 -0.0001 ],0.0002,[-0.0516 0.0516 ],0.0730,0.0025,128.0000,0.0100
595,-87.1962,[4.9675 -5.0069 ],[0.0001 -0.0001 ],0.0002,[-0.0511 0.0511 ],0.0723,0.0025,128.0000,0.0100
596,-87.1962,[4.9677 -5.0070 ],[0.0001 -0.0001 ],0.0002,[-0.0506 0.0506 ],0.0715,0.0025,128.0000,0.0100
597,-87.1962,[4.9678 -5.0072 ],[0.0001 -0.0001 ],0.0002,[-0.0501 0.0501 ],0.0708,0.0025,128.0000,0.0100
598,-87.1962,[4.9679 -5.0073 ],[0.0001 -0.0001 ],0.0002,[-0.0496 0.0496 ],0.0701,0.0025,128.0000,0.0100
599,-87.1962,[4.9680 -5.0074 ],[0.0001 -0.0001 ],0.0002,[-0.0491 0.0491 ],0.0694,0.0025,128.0000,0.0100
600,-87.1963,[4.9682 -5.0075 ],[0.0001 -0.0001 ],0.0002,[-0.0486 0.0486 ],0.0687,0.0025,128.0000,0.0100
601,-87.1963,[4.9683 -5.0077 ],[0.0001 -0.0001 ],0.0002,[-0.0481 0.0481 ],0.0680,0.0025,128.0000,0.0100
602,-87.1963,[4.9684 -5.0078 ],[0.0001 -0.0001 ],0.0002,[-0.0476 0.0476 ],0.0673,0.0025,128.0000,0.0100
603,-87.1963,[4.9685 -5.0079 ],[0.0001 -0.0001 ],0.0002,[-0.0471 0.0471 ],0.0667,0.0025,128.0000,0.0100
604,-87.1963,[4.9686 -5.0080 ],[0.0001 -0.0001 ],0.0002,[-0.0467 0.0467 ],0.0660,0.0025,128.0000,0.0100
605,-87.1963,[4.9688 -5.0081 ],[0.0001 -0.0001 ],0.0002,[-0.0462 0.0462 ],0.0653,0.0025,128.0000,0.0100
606,-87.1963,[4.9689 -5.0082 ],[0.0001 -0.0001 ],0.0002,[-0.0457 0.0457 ],0.0647,0.0025,128.0000,0.0100
607,-87.1963,[4.9690 -5.0084 ],[0.0001 -0.0001 ],0.0002,[-0.0453 0.0453 ],0.0640,0.0025,128.0000,0.0100
608,-87.1963,[4.9691 -5.0085 ],[0.0001 -0.0001 ],0.0002,[-0.0448 0.0448 ],0.0634,0.0025,128.0000,0.0100
609,-87.1964,[4.9692 -5.0086 ],[0.0001 -0.0001 ],0.0002,[-0.0444 0.0444 ],0.0628,0.0025,128.0000,0.0100
610,-87.1964,[4.9693 -5.0087 ],[0.0001 -0.0001 ],0.0002,[-0.0439 0.0439 ],0.0621,0.0025,128.0000,0.0100
611,-87.1964,[4.9694 -5.0088 ],[0.0001 -0.0001 ],0.0002,[-0.0435 0.0435 ],0.0615,0.0025,128.0000,0.0100
612,-87.1964,[4.9695 -5.0089 ],[0.0001 -0.0001 ],0.0002,[-0.0431 0.0431 ],0.0609,0.0025,128.0000,0.0100
613,-87.1964,[4.9697 -5.0090 ],[0.0001 -0.0001 ],0.0002,[-0.0426 0.0426 ],0.0603,0.0025,128.0000,0.0100
614,-87.1964,[4.9698 -5.0091 ],[0.0001 -0.0001 ],0.0001,[-0.0422 0.0422 ],0.0597,0.0025,128.0000,0.0100
615,-87.1964,[4.9699 -5.0092 ],[0.0001 -0.0001 ],0.0001,[-0.0418 0.0418 ],0.0591,0.0025,128.0000,0.0100
616,-87.1964,[4.9700 -5.0093 ],[0.0001 -0.0001 ],0.0001,[-0.0414 0.0414 ],0.0585,0.0025,128.0000,0.0100
617,-87.1964,[4.9701 -5.0094 ],[0.0001 -0.0001 ],0.0001,[-0.0410 0.0410 ],0.0579,0.0025,128.0000,0.0100
618,-87.1964,[4.9702 -5.0095 ],[0.0001 -0.0001 ],0.0001,[-0.0405 0.0405 ],0.0573,0.0025,128.0000,0.0100
619,-87.1964,[4.9703 -5.0096 ],[0.0001 -0.0001 ],0.0001,[-0.0401 0.0401 ],0.0568,0.0025,128.0000,0.0100
620,-87.1965,[4.9704 -5.0098 ],[0.0001 -0.0001 ],0.0001,[-0.0397 0.0397 ],0.0562,0.0025,128.0000,0.0100
621,-87.1965,[4.9705 -5.0098 ],[0.0001 -0.0001 ],0.0001,[-0.0393 0.0393 ],0.0556,0.0025,128.0000,0.0100
622,-87.1965,[4.9706 -5.0099 ],[0.0001 -0.0001 ],0.0001,[-0.0389 0.0389 ],0.0551,0.0025,128.0000,0.0100
623,-87.1965,[4.9707 -5.0100 ],[0.0001 -0.0001 ],0.0001,[-0.0386 0.0386 ],0.0545,0.0025,128.0000,0.0100
624,-87.1965,[4.9708 -5.0101 ],[0.0001 -0.0001 ],0.0001,[-0.0382 0.0382 ],0.0540,0.0025,128.0000,0.0100
625,-87.1965,[4.9709 -5.0102 ],[0.0001 -0.0001 ],0.0001,[-0.0378 0.0378 ],0.0534,0.0025,128.0000,0.0100
626,-87.1965,[4.9710 -5.0103 ],[0.0001 -0.0001 ],0.0001,[-0.0374 0.0374 ],0.0529,0.0025,128.0000,0.0100
627,-87.1965,[4.9711 -5.0104 ],[0.0001 -0.0001 ],0.0001,[-0.0370 0.0370 ],0.0524,0.0025,128.0000,0.0100
628,-87.1965,[4.9711 -5.0105 ],[0.0001 -0.0001 ],0.0001,[-0.0367 0.0367 ],0.0519,0.0025,128.0000,0.0100
629,-87.1965,[4.9712 -5.0106 ],[0.0001 -0.0001 ],0.0001,[-0.0363 0.0363 ],0.0513,0.0025,128.0000,0.0100
630,-87.1965,[4.9713 -5.0107 ],[0.0001 -0.0001 ],0.0001,[-0.0359 0.0359 ],0.0508,0.0025,128.0000,0.0100
631,-87.1965,[4.9714 -5.0108 ],[0.0001 -0.0001 ],0.0001,[-0.0356 0.0356 ],0.0503,0.0025,128.0000,0.0100
632,-87.1965,[4.9715 -5.0109 ],[0.0001 -0.0001 ],0.0001,[-0.0352 0.0352 ],0.0498,0.0025,128.0000,0.0100
633,-87.1965,[4.9716 -5.0110 ],[0.0001 -0.0001 ],0.0001,[-0.0349 0.0349 ],0.0493,0.0025,128.0000,0.0100
634,-87.1966,[4.9717 -5.0111 ],[0.0001 -0.0001 ],0.0001,[-0.0345 0.0345 ],0.0488,0.0025,128.0000,0.0100
635,-87.1966,[4.9718 -5.0111 ],[0.0001 -0.0001 ],0.0001,[-0.0342 0.0342 ],0.0483,0.0025,128.0000,0.0100
636,-87.1966,[4.9719 -5.0112 ],[0.0001 -0.0001 ],0.0001,[-0.0338 0.0338 ],0.0479,0.0025,128.0000,0.0100
637,-87.1966,[4.9719 -5.0113 ],[0.0001 -0.0001 ],0.0001,[-0.0335 0.0335 ],0.0474,0.0025,128.0000,0.0100
638,-87.1966,[4.9720 -5.0114 ],[0.0001 -0.0001 ],0.0001,[-0.0332 0.0332 ],0.0469,0.0025,128.0000,0.0100
639,-87.1966,[4.9721 -5.0115 ],[0.0001 -0.0001 ],0.0001,[-0.0328 0.0328 ],0.0464,0.0025,128.0000,0.0100
640,-87.1966,[4.9722 -5.0116 ],[0.0001 -0.0001 ],0.0001,[-0.0325 0.0325 ],0.0460,0.0025,128.0000,0.0100
641,-87.1966,[4.9723 -5.0116 ],[0.0001 -0.0001 ],0.0001,[-0.0322 0.0322 ],0.0455,0.0025,128.0000,0.0100
642,-87.1966,[4.9724 -5.0117 ],[0.0001 -0.0001 ],0.0001,[-0.0319 0.0319 ],0.0451,0.0025,128.0000,0.0100
643,-87.1966,[4.9724 -5.0118 ],[0.0001 -0.0001 ],0.0001,[-0.0315 0.0315 ],0.0446,0.0025,128.0000,0.0100
644,-87.1966,[4.9725 -5.0119 ],[0.0001 -0.0001 ],0.0001,[-0.0312 0.0312 ],0.0442,0.0025,128.0000,0.0100
645,-87.1966,[4.9726 -5.0120 ],[0.0001 -0.0001 ],0.0001,[-0.0309 0.0309 ],0.0437,0.0025,128.0000,0.0100
646,-87.1966,[4.9727 -5.0120 ],[0.0001 -0.0001 ],0.0001,[-0.0306 0.0306 ],0.0433,0.0025,128.0000,0.0100
647,-87.1966,[4.9727 -5.0121 ],[0.0001 -0.0001 ],0.0001,[-0.0303 0.0303 ],0.0428,0.0025,128.0000,0.0100
648,-87.1966,[4.9728 -5.0122 ],[0.0001 -0.0001 ],0.0001,[-0.0300 0.0300 ],0.0424,0.0025,128.0000,0.0100
649,-87.1966,[4.9729 -5.0123 ],[0.0001 -0.0001 ],0.0001,[-0.0297 0.0297 ],0.0420,0.0025,128.0000,0.0100
650,-87.1966,[4.9730 -5.0123 ],[0.0001 -0.0001 ],0.0001,[-0.0294 0.0294 ],0.0416,0.0025,128.0000,0.0100
651,-87.1966,[4.9730 -5.0124 ],[0.0001 -0.0001 ],0.0001,[-0.0291 0.0291 ],0.0412,0.0025,128.0000,0.0100
652,-87.1966,[4.9731 -5.0125 ],[0.0001 -0.0001 ],0.0001,[-0.0288 0.0288 ],0.0407,0.0025,128.0000,0.0100
653,-87.1966,[4.9732 -5.0126 ],[0.0001 -0.0001 ],0.0001,[-0.0285 0.0285 ],0.0403,0.0025,128.0000,0.0100
654,-87.1967,[4.9733 -5.0126 ],[0.0001 -0.0001 ],0.0001,[-0.0282 0.0282 ],0.0399,0.0025,128.0000,0.0100
655,-87.1967,[4.9733 -5.0127 ],[0.0001 -0.0001 ],0.0001,[-0.0280 0.0280 ],0.0395,0.0025,128.0000,0.0100
656,-87.1967,[4.9734 -5.0128 ],[0.0001 -0.0001 ],0.0001,[-0.0277 0.0277 ],0.0391,0.0025,128.0000,0.0100
657,-87.1967,[4.9735 -5.0128 ],[0.0001 -0.0001 ],0.0001,[-0.0274 0.0274 ],0.0387,0.0025,128.0000,0.0100
658,-87.1967,[4.9735 -5.0129 ],[0.0001 -0.0001 ],0.0001,[-0.0271 0.0271 ],0.0384,0.0025,128.0000,0.0100
659,-87.1967,[4.9736 -5.0130 ],[0.0001 -0.0001 ],0.0001,[-0.0269 0.0269 ],0.0380,0.0025,128.0000,0.0100
660,-87.1967,[4.9737 -5.0130 ],[0.0001 -0.0001 ],0.0001,[-0.0266 0.0266 ],0.0376,0.0025,128.0000,0.0100
661,-87.1967,[4.9737 -5.0131 ],[0.0001 -0.0001 ],0.0001,[-0.0263 0.0263 ],0.0372,0.0025,128.0000,0.0100
662,-87.1967,[4.9738 -5.0132 ],[0.0001 -0.0001 ],0.0001,[-0.0261 0.0261 ],0.0368,0.0025,128.0000,0.0100
663,-87.1967,[4.9739 -5.0132 ],[0.0001 -0.0001 ],0.0001,[-0.0258 0.0258 ],0.0365,0.0025,128.0000,0.0100
664,-87.1967,[4.9739 -5.0133 ],[0.0001 -0.0001 ],0.0001,[-0.0255 0.0255 ],0.0361,0.0025,128.0000,0.0100
665,-87.1967,[4.9740 -5.0134 ],[0.0001 -0.0001 ],0.0001,[-0.0253 0.0253 ],0.0358,0.0025,128.0000,0.0100
666,-87.1967,[4.9741 -5.0134 ],[0.0001 -0.0001 ],0.0001,[-0.0250 0.0250 ],0.0354,0.0025,128.0000,0.0100
667,-87.1967,[4.9741 -5.0135 ],[0.0001 -0.0001 ],0.0001,[-0.0248 0.0248 ],0.0350,0.0025,128.0000,0.0100
668,-87.1967,[4.9742 -5.0136 ],[0.0001 -0.0001 ],0.0001,[-0.0245 0.0245 ],0.0347,0.0025,128.0000,0.0100
669,-87.1967,[4.9742 -5.0136 ],[0.0001 -0.0001 ],0.0001,[-0.0243 0.0243 ],0.0343,0.0025,128.0000,0.0100
670,-87.1967,[4.9743 -5.0137 ],[0.0001 -0.0001 ],0.0001,[-0.0240 0.0240 ],0.0340,0.0025,128.0000,0.0100
671,-87.1967,[4.9744 -5.0137 ],[0.0001 -0.0001 ],0.0001,[-0.0238 0.0238 ],0.0337,0.0025,128.0000,0.0100
672,-87.1967,[4.9744 -5.0138 ],[0.0001 -0.0001 ],0.0001,[-0.0236 0.0236 ],0.0333,0.0025,128.0000,0.0100
673,-87.1967,[4.9745 -5.0139 ],[0.0001 -0.0001 ],0.0001,[-0.0233 0.0233 ],0.0330,0.0025,128.0000,0.0100
674,-87.1967,[4.9745 -5.0139 ],[0.0001 -0.0001 ],0.0001,[-0.0231 0.0231 ],0.0327,0.0025,128.0000,0.0100
675,-87.1967,[4.9746 -5.0140 ],[0.0001 -0.0001 ],0.0001,[-0.0229 0.0229 ],0.0323,0.0025,128.0000,0.0100
676,-87.1967,[4.9747 -5.0140 ],[0.0001 -0.0001 ],0.0001,[-0.0226 0.0226 ],0.0320,0.0025,128.0000,0.0100
677,-87.1967,[4.9747 -5.0141 ],[0.0001 -0.0001 ],0.0001,[-0.0224 0.0224 ],0.0317,0.0025,128.0000,0.0100
678,-87.1967,[4.9748 -5.0141 ],[0.0001 -0.0001 ],0.0001,[-0.0222 0.0222 ],0.0314,0.0025,128.0000,0.0100
679,-87.1967,[4.9748 -5.0142 ],[0.0001 -0.0001 ],0.0001,[-0.0220 0.0220 ],0.0311,0.0025,128.0000,0.0100
680,-87.1967,[4.9749 -5.0142 ],[0.0001 -0.0001 ],0.0001,[-0.0217 0.0217 ],0.0307,0.0025,128.0000,0.0100
681,-87.1967,[4.9749 -5.0143 ],[0.0001 -0.0001 ],0.0001,[-0.0215 0.0215 ],0.0304,0.0025,128.0000,0.0100
682,-87.1967,[4.9750 -5.0144 ],[0.0001 -0.0001 ],0.0001,[-0.0213 0.0213 ],0.0301,0.0025,128.0000,0.0100
683,-87.1967,[4.9750 -5.0144 ],[0.0001 -0.0001 ],0.0001,[-0.0211 0.0211 ],0.0298,0.0025,128.0000,0.0100
684,-87.1967,[4.9751 -5.0145 ],[0.0001 -0.0001 ],0.0001,[-0.0209 0.0209 ],0.0295,0.0025,128.0000,0.0100
685,-87.1967,[4.9751 -5.0145 ],[0.0001 -0.0001 ],0.0001,[-0.0207 0.0207 ],0.0292,0.0025,128.0000,0.0100
686,-87.1967,[4.9752 -5.0146 ],[0.0001 -0.0001 ],0.0001,[-0.0205 0.0205 ],0.0290,0.0025,128.0000,0.0100
687,-87.1967,[4.9752 -5.0146 ],[0.0001 -0.0001 ],0.0001,[-0.0203 0.0203 ],0.0287,0.0025,128.0000,0.0100
688,-87.1967,[4.9753 -5.0147 ],[0.0001 -0.0001 ],0.0001,[-0.0201 0.0201 ],0.0284,0.0025,128.0000,0.0100
689,-87.1968,[4.9753 -5.0147 ],[0.0000 -0.0000 ],0.0001,[-0.0199 0.0199 ],0.0281,0.0025,128.0000,0.0100
690,-87.1968,[4.9754 -5.0148 ],[0.0000 -0.0000 ],0.0001,[-0.0197 0.0197 ],0.0278,0.0025,128.0000,0.0100
691,-87.1968,[4.9754 -5.0148 ],[0.0000 -0.0000 ],0.0001,[-0.0195 0.0195 ],0.0275,0.0025,128.0000,0.0100
692,-87.1968,[4.9755 -5.0149 ],[0.0000 -0.0000 ],0.0001,[-0.0193 0.0193 ],0.0273,0.0025,128.0000,0.0100
693,-87.1968,[4.9755 -5.0149 ],[0.0000 -0.0000 ],0.0001,[-0.0191 0.0191 ],0.0270,0.0025,128.0000,0.0100
694,-87.1968,[4.9756 -5.0150 ],[0.0000 -0.0000 ],0.0001,[-0.0189 0.0189 ],0.0267,0.0025,128.0000,0.0100
695,-87.1968,[4.9756 -5.0150 ],[0.0000 -0.0000 ],0.0001,[-0.0187 0.0187 ],0.0264,0.0025,128.0000,0.0100
696,-87.1968,[4.9757 -5.0151 ],[0.0000 -0.0000 ],0.0001,[-0.0185 0.0185 ],0.0262,0.0025,128.0000,0.0100
697,-87.1968,[4.9757 -5.0151 ],[0.0000 -0.0000 ],0.0001,[-0.0183 0.0183 ],0.0259,0.0025,128.0000,0.0100
698,-87.1968,[4.9758 -5.0151 ],[0.0000 -0.0000 ],0.0001,[-0.0181 0.0181 ],0.0257,0.0025,128.0000,0.0100
699,-87.1968,[4.9758 -5.0152 ],[0.0000 -0.0000 ],0.0001,[-0.0180 0.0180 ],0.0254,0.0025,128.0000,0.0100
700,-87.1968,[4.9759 -5.0152 ],[0.0000 -0.0000 ],0.0001,[-0.0178 0.0178 ],0.0252,0.0025,128.0000,0.0100
701,-87.1968,[4.9759 -5.0153 ],[0.0000 -0.0000 ],0.0001,[-0.0176 0.0176 ],0.0249,0.0025,128.0000,0.0100
702,-87.1968,[4.9760 -5.0153 ],[0.0000 -0.0000 ],0.0001,[-0.0174 0.0174 ],0.0246,0.0025,128.0000,0.0100
703,-87.1968,[4.9760 -5.0154 ],[0.0000 -0.0000 ],0.0001,[-0.0173 0.0173 ],0.0244,0.0025,128.0000,0.0100
704,-87.1968,[4.9760 -5.0154 ],[0.0000 -0.0000 ],0.0001,[-0.0171 0.0171 ],0.0242,0.0025,128.0000,0.0100
705,-87.1968,[4.9761 -5.0155 ],[0.0000 -0.0000 ],0.0001,[-0.0169 0.0169 ],0.0239,0.0025,128.0000,0.0100
706,-87.1968,[4.9761 -5.0155 ],[0.0000 -0.0000 ],0.0001,[-0.0167 0.0167 ],0.0237,0.0025,128.0000,0.0100
707,-87.1968,[4.9762 -5.0155 ],[0.0000 -0.0000 ],0.0001,[-0.0166 0.0166 ],0.0234,0.0025,128.0000,0.0100
708,-87.1968,[4.9762 -5.0156 ],[0.0000 -0.0000 ],0.0001,[-0.0164 0.0164 ],0.0232,0.0025,128.0000,0.0100
709,-87.1968,[4.9763 -5.0156 ],[0.0000 -0.0000 ],0.0001,[-0.0162 0.0162 ],0.0230,0.0025,128.0000,0.0100
710,-87.1968,[4.9763 -5.0157 ],[0.0000 -0.0000 ],0.0001,[-0.0161 0.0161 ],0.0227,0.0025,128.0000,0.0100
711,-87.1968,[4.9763 -5.0157 ],[0.0000 -0.0000 ],0.0001,[-0.0159 0.0159 ],0.0225,0.0025,128.0000,0.0100
712,-87.1968,[4.9764 -5.0157 ],[0.0000 -0.0000 ],0.0001,[-0.0158 0.0158 ],0.0223,0.0025,128.0000,0.0100
713,-87.1968,[4.9764 -5.0158 ],[0.0000 -0.0000 ],0.0001,[-0.0156 0.0156 ],0.0221,0.0025,128.0000,0.0100
714,-87.1968,[4.9765 -5.0158 ],[0.0000 -0.0000 ],0.0001,[-0.0154 0.0154 ],0.0218,0.0025,128.0000,0.0100
715,-87.1968,[4.9765 -5.0159 ],[0.0000 -0.0000 ],0.0001,[-0.0153 0.0153 ],0.0216,0.0025,128.0000,0.0100
716,-87.1968,[4.9765 -5.0159 ],[0.0000 -0.0000 ],0.0001,[-0.0151 0.0151 ],0.0214,0.0025,128.0000,0.0100
717,-87.1968,[4.9766 -5.0159 ],[0.0000 -0.0000 ],0.0001,[-0.0150 0.0150 ],0.0212,0.0025,128.0000,0.0100
718,-87.1968,[4.9766 -5.0160 ],[0.0000 -0.0000 ],0.0001,[-0.0148 0.0148 ],0.0210,0.0025,128.0000,0.0100
719,-87.1968,[4.9766 -5.0160 ],[0.0000 -0.0000 ],0.0001,[-0.0147 0.0147 ],0.0208,0.0025,128.0000,0.0100
720,-87.1968,[4.9767 -5.0160 ],[0.0000 -0.0000 ],0.0001,[-0.0145 0.0145 ],0.0206,0.0025,128.0000,0.0100
721,-87.1968,[4.9767 -5.0161 ],[0.0000 -0.0000 ],0.0001,[-0.0144 0.0144 ],0.0204,0.0025,128.0000,0.0100
722,-87.1968,[4.9768 -5.0161 ],[0.0000 -0.0000 ],0.0001,[-0.0143 0.0143 ],0.0202,0.0025,128.0000,0.0100
723,-87.1968,[4.9768 -5.0162 ],[0.0000 -0.0000 ],0.0000,[-0.0141 0.0141 ],0.0200,0.0025,128.0000,0.0100
724,-87.1968,[4.9768 -5.0162 ],[0.0000 -0.0000 ],0.0000,[-0.0140 0.0140 ],0.0198,0.0025,128.0000,0.0100
725,-87.1968,[4.9769 -5.0162 ],[0.0000 -0.0000 ],0.0000,[-0.0138 0.0138 ],0.0196,0.0025,128.0000,0.0100
726,-87.1968,[4.9769 -5.0163 ],[0.0000 -0.0000 ],0.0000,[-0.0137 0.0137 ],0.0194,0.0025,128.0000,0.0100
727,-87.1968,[4.9769 -5.0163 ],[0.0000 -0.0000 ],0.0000,[-0.0136 0.0136 ],0.0192,0.0025,128.0000,0.0100
728,-87.1968,[4.9770 -5.0163 ],[0.0000 -0.0000 ],0.0000,[-0.0134 0.0134 ],0.0190,0.0025,128.0000,0.0100
729,-87.1968,[4.9770 -5.0164 ],[0.0000 -0.0000 ],0.0000,[-0.0133 0.0133 ],0.0188,0.0025,128.0000,0.0100
730,-87.1968,[4.9770 -5.0164 ],[0.0000 -0.0000 ],0.0000,[-0.0132 0.0132 ],0.0186,0.0025,128.0000,0.0100
731,-87.1968,[4.9771 -5.0164 ],[0.0000 -0.0000 ],0.0000,[-0.0130 0.0130 ],0.0184,0.0025,128.0000,0.0100
732,-87.1968,[4.9771 -5.0165 ],[0.0000 -0.0000 ],0.0000,[-0.0129 0.0129 ],0.0182,0.0025,128.0000,0.0100
733,-87.1968,[4.9771 -5.0165 ],[0.0000 -0.0000 ],0.0000,[-0.0128 0.0128 ],0.0181,0.0025,128.0000,0.0100
734,-87.1968,[4.9772 -5.0165 ],[0.0000 -0.0000 ],0.0000,[-0.0126 0.0126 ],0.0179,0.0025,128.0000,0.0100
735,-87.1968,[4.9772 -5.0166 ],[0.0000 -0.0000 ],0.0000,[-0.0125 0.0125 ],0.0177,0.0025,128.0000,0.0100
736,-87.1968,[4.9772 -5.0166 ],[0.0000 -0.0000 ],0.0000,[-0.0124 0.0124 ],0.0175,0.0025,128.0000,0.0100
737,-87.1968,[4.9772 -5.0166 ],[0.0000 -0.0000 ],0.0000,[-0.0123 0.0123 ],0.0173,0.0025,128.0000,0.0100
738,-87.1968,[4.9773 -5.0167 ],[0.0000 -0.0000 ],0.0000,[-0.0121 0.0121 ],0.0172,0.0025,128.0000,0.0100
739,-87.1968,[4.9773 -5.0167 ],[0.0000 -0.0000 ],0.0000,[-0.0120 0.0120 ],0.0170,0.0025,128.0000,0.0100
740,-87.1968,[4.9773 -5.0167 ],[0.0000 -0.0000 ],0.0000,[-0.0119 0.0119 ],0.0168,0.0025,128.0000,0.0100
741,-87.1968,[4.9774 -5.0167 ],[0.0000 -0.0000 ],0.0000,[-0.0118 0.0118 ],0.0167,0.0025,128.0000,0.0100
742,-87.1968,[4.9774 -5.0168 ],[0.0000 -0.0000 ],0.0000,[-0.0117 0.0117 ],0.0165,0.0025,128.0000,0.0100
743,-87.1968,[4.9774 -5.0168 ],[0.0000 -0.0000 ],0.0000,[-0.0115 0.0115 ],0.0163,0.0025,128.0000,0.0100
744,-87.1968,[4.9775 -5.0168 ],[0.0000 -0.0000 ],0.0000,[-0.0114 0.0114 ],0.0162,0.0025,128.0000,0.0100
745,-87.1968,[4.9775 -5.0169 ],[0.0000 -0.0000 ],0.0000,[-0.0113 0.0113 ],0.0160,0.0025,128.0000,0.0100
746,-87.1968,[4.9775 -5.0169 ],[0.0000 -0.0000 ],0.0000,[-0.0112 0.0112 ],0.0158,0.0025,128.0000,0.0100
747,-87.1968,[4.9775 -5.0169 ],[0.0000 -0.0000 ],0.0000,[-0.0111 0.0111 ],0.0157,0.0025,128.0000,0.0100
748,-87.1968,[4.9776 -5.0169 ],[0.0000 -0.0000 ],0.0000,[-0.0110 0.0110 ],0.0155,0.0025,128.0000,0.0100
749,-87.1968,[4.9776 -5.0170 ],[0.0000 -0.0000 ],0.0000,[-0.0109 0.0109 ],0.0154,0.0025,128.0000,0.0100
750,-87.1968,[4.9776 -5.0170 ],[0.0000 -0.0000 ],0.0000,[-0.0108 0.0108 ],0.0152,0.0025,128.0000,0.0100
751,-87.1968,[4.9777 -5.0170 ],[0.0000 -0.0000 ],0.0000,[-0.0107 0.0107 ],0.0151,0.0025,128.0000,0.0100
752,-87.1968,[4.9777 -5.0170 ],[0.0000 -0.0000 ],0.0000,[-0.0105 0.0105 ],0.0149,0.0025,128.0000,0.0100
753,-87.1968,[4.9777 -5.0171 ],[0.0000 -0.0000 ],0.0000,[-0.0104 0.0104 ],0.0148,0.0025,128.0000,0.0100
754,-87.1968,[4.9777 -5.0171 ],[0.0000 -0.0000 ],0.0000,[-0.0103 0.0103 ],0.0146,0.0025,128.0000,0.0100
755,-87.1968,[4.9778 -5.0171 ],[0.0000 -0.0000 ],0.0000,[-0.0102 0.0102 ],0.0145,0.0025,128.0000,0.0100
756,-87.1968,[4.9778 -5.0172 ],[0.0000 -0.0000 ],0.0000,[-0.0101 0.0101 ],0.0143,0.0025,128.0000,0.0100
757,-87.1968,[4.9778 -5.0172 ],[0.0000 -0.0000 ],0.0000,[-0.0100 0.0100 ],0.0142,0.0025,128.0000,0.0100
758,-87.1968,[4.9778 -5.0172 ],[0.0000 -0.0000 ],0.0000,[-0.0099 0.0099 ],0.0140,0.0025,128.0000,0.0100
759,-87.1968,[4.9779 -5.0172 ],[0.0000 -0.0000 ],0.0000,[-0.0098 0.0098 ],0.0139,0.0025,128.0000,0.0100
760,-87.1968,[4.9779 -5.0173 ],[0.0000 -0.0000 ],0.0000,[-0.0097 0.0097 ],0.0138,0.0025,128.0000,0.0100
761,-87.1968,[4.9779 -5.0173 ],[0.0000 -0.0000 ],0.0000,[-0.0096 0.0096 ],0.0136,0.0025,128.0000,0.0100
762,-87.1968,[4.9779 -5.0173 ],[0.0000 -0.0000 ],0.0000,[-0.0095 0.0095 ],0.0135,0.0025,128.0000,0.0100
763,-87.1968,[4.9780 -5.0173 ],[0.0000 -0.0000 ],0.0000,[-0.0094 0.0094 ],0.0134,0.0025,128.0000,0.0100
764,-87.1968,[4.9780 -5.0173 ],[0.0000 -0.0000 ],0.0000,[-0.0093 0.0093 ],0.0132,0.0025,128.0000,0.0100
765,-87.1968,[4.9780 -5.0174 ],[0.0000 -0.0000 ],0.0000,[-0.0093 0.0093 ],0.0131,0.0025,128.0000,0.0100
766,-87.1968,[4.9780 -5.0174 ],[0.0000 -0.0000 ],0.0000,[-0.0092 0.0092 ],0.0130,0.0025,128.0000,0.0100
767,-87.1968,[4.9780 -5.0174 ],[0.0000 -0.0000 ],0.0000,[-0.0091 0.0091 ],0.0128,0.0025,128.0000,0.0100
768,-87.1968,[4.9781 -5.0174 ],[0.0000 -0.0000 ],0.0000,[-0.0090 0.0090 ],0.0127,0.0025,128.0000,0.0100
769,-87.1968,[4.9781 -5.0175 ],[0.0000 -0.0000 ],0.0000,[-0.0089 0.0089 ],0.0126,0.0025,128.0000,0.0100
770,-87.1968,[4.9781 -5.0175 ],[0.0000 -0.0000 ],0.0000,[-0.0088 0.0088 ],0.0124,0.0025,128.0000,0.0100
771,-87.1968,[4.9781 -5.0175 ],[0.0000 -0.0000 ],0.0000,[-0.0087 0.0087 ],0.0123,0.0025,128.0000,0.0100
772,-87.1968,[4.9782 -5.0175 ],[0.0000 -0.0000 ],0.0000,[-0.0086 0.0086 ],0.0122,0.0025,128.0000,0.0100
773,-87.1968,[4.9782 -5.0176 ],[0.0000 -0.0000 ],0.0000,[-0.0085 0.0085 ],0.0121,0.0025,128.0000,0.0100
774,-87.1968,[4.9782 -5.0176 ],[0.0000 -0.0000 ],0.0000,[-0.0085 0.0085 ],0.0120,0.0025,128.0000,0.0100
775,-87.1968,[4.9782 -5.0176 ],[0.0000 -0.0000 ],0.0000,[-0.0084 0.0084 ],0.0118,0.0025,128.0000,0.0100
776,-87.1968,[4.9782 -5.0176 ],[0.0000 -0.0000 ],0.0000,[-0.0083 0.0083 ],0.0117,0.0025,128.0000,0.0100
777,-87.1968,[4.9783 -5.0176 ],[0.0000 -0.0000 ],0.0000,[-0.0082 0.0082 ],0.0116,0.0025,128.0000,0.0100
778,-87.1968,[4.9783 -5.0177 ],[0.0000 -0.0000 ],0.0000,[-0.0081 0.0081 ],0.0115,0.0025,128.0000,0.0100
779,-87.1968,[4.9783 -5.0177 ],[0.0000 -0.0000 ],0.0000,[-0.0080 0.0080 ],0.0114,0.0025,128.0000,0.0100
780,-87.1968,[4.9783 -5.0177 ],[0.0000 -0.0000 ],0.0000,[-0.0080 0.0080 ],0.0113,0.0025,128.0000,0.0100
781,-87.1968,[4.9783 -5.0177 ],[0.0000 -0.0000 ],0.0000,[-0.0079 0.0079 ],0.0111,0.0025,128.0000,0.0100
782,-87.1968,[4.9784 -5.0177 ],[0.0000 -0.0000 ],0.0000,[-0.0078 0.0078 ],0.0110,0.0025,128.0000,0.0100
783,-87.1968,[4.9784 -5.0178 ],[0.0000 -0.0000 ],0.0000,[-0.0077 0.0077 ],0.0109,0.0025,128.0000,0.0100
784,-87.1968,[4.9784 -5.0178 ],[0.0000 -0.0000 ],0.0000,[-0.0076 0.0076 ],0.0108,0.0025,128.0000,0.0100
785,-87.1968,[4.9784 -5.0178 ],[0.0000 -0.0000 ],0.0000,[-0.0076 0.0076 ],0.0107,0.0025,128.0000,0.0100
786,-87.1968,[4.9784 -5.0178 ],[0.0000 -0.0000 ],0.0000,[-0.0075 0.0075 ],0.0106,0.0025,128.0000,0.0100
787,-87.1968,[4.9785 -5.0178 ],[0.0000 -0.0000 ],0.0000,[-0.0074 0.0074 ],0.0105,0.0025,128.0000,0.0100
788,-87.1968,[4.9785 -5.0178 ],[0.0000 -0.0000 ],0.0000,[-0.0073 0.0073 ],0.0104,0.0025,128.0000,0.0100
789,-87.1968,[4.9785 -5.0179 ],[0.0000 -0.0000 ],0.0000,[-0.0073 0.0073 ],0.0103,0.0025,128.0000,0.0100
790,-87.1968,[4.9785 -5.0179 ],[0.0000 -0.0000 ],0.0000,[-0.0072 0.0072 ],0.0102,0.0025,128.0000,0.0100
791,-87.1968,[4.9785 -5.0179 ],[0.0000 -0.0000 ],0.0000,[-0.0071 0.0071 ],0.0101,0.0025,128.0000,0.0100
